"1","동화약품","의약품 제조업","000020"
"2","KR모터스","그 외 기타 운송장비 제조업","000040"
"3","경방","종합 소매업","000050"
"4","삼양홀딩스","기타 금융업","000070"
"5","하이트진로","알코올음료 제조업","000080"
"6","유한양행","의약품 제조업","000100"
"7","CJ대한통운","도로 화물 운송업","000120"
"8","하이트진로홀딩스","기타 금융업","000140"
"9","두산","회사 본부 및 경영 컨설팅 서비스업","000150"
"10","성창기업지주","회사 본부 및 경영 컨설팅 서비스업","000180"
"11","대림산업","토목 건설업","000210"
"12","유유제약","의약품 제조업","000220"
"13","일동홀딩스","기타 금융업","000230"
"14","한국테크놀로지그룹","기타 금융업","000240"
"15","삼천당제약","의약품 제조업","000250"
"16","기아자동차","자동차용 엔진 및 자동차 제조업","000270"
"17","대유플러스","통신 및 방송 장비 제조업","000300"
"18","노루홀딩스","기타 금융업","000320"
"19","삼화페인트공업","기타 화학제품 제조업","000390"
"20","대원강업","자동차 신품 부품 제조업","000430"
"21","조선내화","내화 비내화 요업제품 제조업","000480"
"22","대동공업","특수 목적용 기계 제조업","000490"
"23","가온전선","절연선 및 케이블 제조업","000500"
"24","삼일제약","의약품 제조업","000520"
"25","CS홀딩스","기타 금융업","000590"
"26","동아쏘시오홀딩스","기타 금융업","000640"
"27","SK하이닉스","반도체 제조업","000660"
"28","영풍","1차 비철금속 제조업","000670"
"29","LS네트웍스","상품 종합 도매업","000680"
"30","유수홀딩스","회사 본부 및 경영 컨설팅 서비스업","000700"
"31","현대건설","토목 건설업","000720"
"32","이화산업","기타 전문 도매업","000760"
"33","화천기공","특수 목적용 기계 제조업","000850"
"34","강남제비스코","기타 화학제품 제조업","000860"
"35","한화","기타 화학제품 제조업","000880"
"36","보해양조","알코올음료 제조업","000890"
"37","유니온","시멘트 석회 플라스터 및 그 제품 제조업","000910"
"38","전방","방적 및 가공사 제조업","000950"
"39","한국주철관공업","1차 철강 제조업","000970"
"40","DB하이텍","반도체 제조업","000990"
"41","페이퍼코리아","펄프 종이 및 판지 제조업","001020"
"42","CJ","기타 금융업","001040"
"43","JW중외제약","의약품 제조업","001060"
"44","대한방직","직물직조 및 직물제품 제조업","001070"
"45","LG상사","상품 중개업","001120"
"46","대한제분","곡물가공품 전분 및 전분제품 제조업","001130"
"47","카리스국보","도로 화물 운송업","001140"
"48","금호전기","전구 및 조명장치 제조업","001210"
"49","동국제강","1차 철강 제조업","001230"
"50","GS글로벌","상품 종합 도매업","001250"
"51","남광토건","토목 건설업","001260"
"52","백광산업","기초 화학물질 제조업","001340"
"53","삼성제약","의약품 제조업","001360"
"54","SG충방","자동차 신품 부품 제조업","001380"
"55","KG케미칼","기초 화학물질 제조업","001390"
"56","세아베스틸","1차 철강 제조업","001430"
"57","대한전선","절연선 및 케이블 제조업","001440"
"58","BYC","봉제의복 제조업","001460"
"59","삼부토건","토목 건설업","001470"
"60","동양","시멘트 석회 플라스터 및 그 제품 제조업","001520"
"61","디아이동일","상품 중개업","001530"
"62","안국약품","의약품 제조업","001540"
"63","제일연마","기타 비금속 광물제품 제조업","001560"
"64","금양","기초 화학물질 제조업","001570"
"65","케이비아이동국실업","자동차 신품 부품 제조업","001620"
"66","종근당홀딩스","의약품 제조업","001630"
"67","대상","기타 식품 제조업","001680"
"68","SK네트웍스","기타 전문 도매업","001740"
"69","알루코","1차 비철금속 제조업","001780"
"70","대한제당","곡물가공품 전분 및 전분제품 제조업","001790"
"71","오리온홀딩스","기타 금융업","001800"
"72","무림SP","펄프 종이 및 판지 제조업","001810"
"73","삼화콘덴서공업","전자부품 제조업","001820"
"74","KISCO홀딩스","1차 철강 제조업","001940"
"75","코오롱","기타 금융업","002020"
"76","아세아","회사 본부 및 경영 컨설팅 서비스업","002030"
"77","남영비비안","봉제의복 제조업","002070"
"78","경농","비료 농약 및 살균 살충제 제조업","002100"
"79","고려산업","곡물가공품 전분 및 전분제품 제조업","002140"
"80","도화엔지니어링","건축기술 엔지니어링 및 관련 기술 서비스업","002150"
"81","삼양통상","가죽 가방 및 유사제품 제조업","002170"
"82","한국수출포장공업","골판지 종이 상자 및 종이 용기 제조업","002200"
"83","한일철강","1차 철강 제조업","002220"
"84","피에스텍","측정 시험 항해 제어 및 기타 정밀기기 제조업 광학기기 제외","002230"
"85","고려제강","1차 철강 제조업","002240"
"86","한국제지","펄프 종이 및 판지 제조업","002300"
"87","아세아제지","골판지 종이 상자 및 종이 용기 제조업","002310"
"88","한진","도로 화물 운송업","002320"
"89","넥센타이어","고무제품 제조업","002350"
"90","SH에너지화학","기초 화학물질 제조업","002360"
"91","케이씨씨","기타 화학제품 제조업","002380"
"92","한독","의약품 제조업","002390"
"93","범양건영","건물 건설업","002410"
"94","삼익악기","악기 제조업","002450"
"95","제일파마홀딩스","회사 본부 및 경영 컨설팅 서비스업","002620"
"96","오리엔트바이오","의약품 제조업","002630"
"97","한탑","곡물가공품 전분 및 전분제품 제조업","002680"
"98","TCC스틸","1차 철강 제조업","002710"
"99","국제약품","의약품 제조업","002720"
"100","아모레퍼시픽그룹","기타 화학제품 제조업","002790"
"101","신신제약","의약품 제조업","002800"
"102","삼영무역","기타 전문 도매업","002810"
"103","선창산업","나무제품 제조업","002820"
"104","미원상사","기타 화학제품 제조업","002840"
"105","신풍제지","펄프 종이 및 판지 제조업","002870"
"106","대유에이텍","자동차 신품 부품 제조업","002880"
"107","동양물산기업","특수 목적용 기계 제조업","002900"
"108","유성기업","자동차 신품 부품 제조업","002920"
"109","금호산업","건물 건설업","002990"
"110","부광약품","의약품 제조업","003000"
"111","혜인","기계장비 및 관련 물품 도매업","003010"
"112","세아제강지주","기타 금융업","003030"
"113","에이프로젠제약","의약품 제조업","003060"
"114","코오롱글로벌","토목 건설업","003070"
"115","대웅","기타 금융업","003090"
"116","선광","기타 운송관련 서비스업","003100"
"117","디아이","측정 시험 항해 제어 및 기타 정밀기기 제조업 광학기기 제외","003160"
"118","일신방직","방적 및 가공사 제조업","003200"
"119","대원제약","의약품 제조업","003220"
"120","삼양식품","기타 식품 제조업","003230"
"121","태광산업","화학섬유 제조업","003240"
"122","흥아해운","해상 운송업","003280"
"123","한일홀딩스","시멘트 석회 플라스터 및 그 제품 제조업","003300"
"124","대주산업","동물용 사료 및 조제식품 제조업","003310"
"125","하림지주","기타 금융업","003380"
"126","쌍용양회공업","시멘트 석회 플라스터 및 그 제품 제조업","003410"
"127","한진중공업홀딩스","연료용 가스 제조 및 배관공급업","003480"
"128","대한항공","항공 여객 운송업","003490"
"129","LG","기타 금융업","003550"
"130","아이에이치큐","영화 비디오물 방송프로그램 제작 및 배급업","003560"
"131","S&T중공업","자동차 신품 부품 제조업","003570"
"132","넥스트사이언스","기타 비금속광물 광업","003580"
"133","쌍용자동차","자동차용 엔진 및 자동차 제조업","003620"
"134","미창석유공업","석유 정제품 제조업","003650"
"135","포스코케미칼","내화 비내화 요업제품 제조업","003670"
"136","한성기업","수산물 가공 및 저장 처리업","003680"
"137","삼영화학공업","플라스틱제품 제조업","003720"
"138","진양산업","플라스틱제품 제조업","003780"
"139","보령제약","의약품 제조업","003850"
"140","남양유업","낙농제품 및 식용빙과류 제조업","003920"
"141","사조대림","수산물 가공 및 저장 처리업","003960"
"142","롯데정밀화학","기초 화학물질 제조업","004000"
"143","현대제철","1차 철강 제조업","004020"
"144","SG세계물산","상품 종합 도매업","004060"
"145","신흥","기계장비 및 관련 물품 도매업","004080"
"146","한국석유공업","기타 비금속 광물제품 제조업","004090"
"147","태양금속공업","자동차 신품 부품 제조업","004100"
"148","동방","기타 운송관련 서비스업","004140"
"149","한솔홀딩스","기타 금융업","004150"
"150","신세계","종합 소매업","004170"
"151","엔피씨","플라스틱제품 제조업","004250"
"152","남성","기타 전문 도매업","004270"
"153","세방","도로 화물 운송업","004360"
"154","농심","기타 식품 제조업","004370"
"155","송원산업","기타 화학제품 제조업","004430"
"156","세방전지","일차전지 및 축전지 제조업","004490"
"157","깨끗한나라","펄프 종이 및 판지 제조업","004540"
"158","현대비앤지스틸","1차 철강 제조업","004560"
"159","한국가구","생활용품 도매업","004590"
"160","창해에탄올","알코올음료 제조업","004650"
"161","삼천리","연료용 가스 제조 및 배관공급업","004690"
"162","한솔테크닉스","전자부품 제조업","004710"
"163","우리들제약","의약품 제조업","004720"
"164","써니전자","반도체 제조업","004770"
"165","효성","기타 금융업","004800"
"166","덕성","플라스틱제품 제조업","004830"
"167","DRB동일","기타 금융업","004840"
"168","티웨이홀딩스","반도체 제조업","004870"
"169","동일산업","1차 철강 제조업","004890"
"170","조광페인트","기타 화학제품 제조업","004910"
"171","씨아이테크","그 외 기타 제품 제조업","004920"
"172","한신공영","건물 건설업","004960"
"173","신라교역","어로 어업","004970"
"174","성신양회","시멘트 석회 플라스터 및 그 제품 제조업","004980"
"175","롯데지주","기타 금융업","004990"
"176","휴스틸","1차 철강 제조업","005010"
"177","삼광글라스","유리 및 유리제품 제조업","005090"
"178","한창","기계장비 및 관련 물품 도매업","005110"
"179","동국산업","1차 철강 제조업","005160"
"180","빙그레","낙농제품 및 식용빙과류 제조업","005180"
"181","동성화학","기초 화학물질 제조업","005190"
"182","녹십자홀딩스","회사 본부 및 경영 컨설팅 서비스업","005250"
"183","동진쎄미켐","기초 화학물질 제조업","005290"
"184","롯데칠성음료","비알코올음료 및 얼음 제조업","005300"
"185","국동","생활용품 도매업","005320"
"186","모나미","생활용품 도매업","005360"
"187","현대자동차","자동차용 엔진 및 자동차 제조업","005380"
"188","코스모화학","기타 화학제품 제조업","005420"
"189","한국공항","기타 운송관련 서비스업","005430"
"190","현대그린푸드","종합 소매업","005440"
"191","신한","건물 건설업","005450"
"192","포스코","1차 철강 제조업","005490"
"193","SPC삼립","기타 식품 제조업","005610"
"194","푸드웰","과실 채소 가공 및 저장 처리업","005670"
"195","삼영전자공업","전자부품 제조업","005680"
"196","대원산업","자동차 신품 부품 제조업","005710"
"197","넥센","고무제품 제조업","005720"
"198","크라운해태홀딩스","기타 금융업","005740"
"199","대림비앤코","내화 비내화 요업제품 제조업","005750"
"200","신영와코루","봉제의복 제조업","005800"
"201","풍산홀딩스","기타 금융업","005810"
"202","원림","편조원단 제조업","005820"
"203","에스엘","자동차 신품 부품 제조업","005850"
"204","한일사료","동물용 사료 및 조제식품 제조업","005860"
"205","대한해운","해상 운송업","005880"
"206","삼성전자","통신 및 방송 장비 제조업","005930"
"207","이수화학","기초 화학물질 제조업","005950"
"208","동부건설","토목 건설업","005960"
"209","매일홀딩스","낙농제품 및 식용빙과류 제조업","005990"
"210","동원산업","어로 어업","006040"
"211","화승인더스트리","플라스틱제품 제조업","006060"
"212","삼아알미늄","1차 비철금속 제조업","006110"
"213","SK디스커버리","기타 금융업","006120"
"214","한국전자홀딩스","기타 금융업","006200"
"215","LS","기타 금융업","006260"
"216","녹십자","의약품 제조업","006280"
"217","대원전선","절연선 및 케이블 제조업","006340"
"218","GS건설","건물 건설업","006360"
"219","대구백화점","종합 소매업","006370"
"220","삼성SDI","일차전지 및 축전지 제조업","006400"
"221","인스코비","전기 통신업","006490"
"222","대림통상","기타 금속 가공제품 제조업","006570"
"223","대양제지","펄프 종이 및 판지 제조업","006580"
"224","대한유화","기초 화학물질 제조업","006650"
"225","삼성공조","자동차 신품 부품 제조업","006660"
"226","영풍제지","골판지 종이 상자 및 종이 용기 제조업","006740"
"227","AK홀딩스","기타 금융업","006840"
"228","신송홀딩스","산업용 농ㆍ축산물 및 동ㆍ식물 도매업","006880"
"229","태경화학","기초 화학물질 제조업","006890"
"230","보성파워텍","구조용 금속제품 탱크 및 증기발생기 제조업","006910"
"231","모헨즈","시멘트 석회 플라스터 및 그 제품 제조업","006920"
"232","우성사료","곡물가공품 전분 및 전분제품 제조업","006980"
"233","GS리테일","종합 소매업","007070"
"234","미래아이앤지","컴퓨터 프로그래밍 시스템 통합 및 관리업","007120"
"235","사조산업","어로 어업","007160"
"236","벽산","기타 비금속 광물제품 제조업","007210"
"237","오뚜기","기타 식품 제조업","007310"
"238","디티알오토모티브","일차전지 및 축전지 제조업","007340"
"239","에이프로젠 KIC","기타 금속 가공제품 제조업","007460"
"240","영신금속","기타 금속 가공제품 제조업","007530"
"241","샘표","기타 금융업","007540"
"242","일양약품","의약품 제조업","007570"
"243","동방아그로","비료 농약 및 살균 살충제 제조업","007590"
"244","선도전기","전동기 발전기 및 전기 변환ㆍ 공급ㆍ제어 장치 제조업","007610"
"245","폴루스바이오팜","통신 및 방송 장비 제조업","007630"
"246","이수페타시스","전자부품 제조업","007660"
"247","대원","건물 건설업","007680"
"248","국도화학","기초 화학물질 제조업","007690"
"249","F&F","봉제의복 제조업","007700"
"250","대명코퍼레이션","상품 종합 도매업","007720"
"251","한일화학","기초 화학물질 제조업","007770"
"252","코리아써키트","전자부품 제조업","007810"
"253","에스엠코어","일반 목적용 기계 제조업","007820"
"254","서연","기타 금융업","007860"
"255","태평양물산","봉제의복 제조업","007980"
"256","사조동아원","곡물가공품 전분 및 전분제품 제조업","008040"
"257","대덕전자","전자부품 제조업","008060"
"258","대동전자","통신 및 방송 장비 제조업","008110"
"259","이건산업","나무제품 제조업","008250"
"260","남선알미늄","1차 비철금속 제조업","008350"
"261","원풍","플라스틱제품 제조업","008370"
"262","서흥","기타 화학제품 제조업","008490"
"263","일정실업","편조원단 제조업","008500"
"264","윌비스","생활용품 도매업","008600"
"265","아남전자","영상 및 음향기기 제조업","008700"
"266","율촌화학","플라스틱제품 제조업","008730"
"267","호텔신라","기타 상품 전문 소매업","008770"
"268","행남사","기타 식품 제조업","008800"
"269","한미사이언스","기타 금융업","008930"
"270","동양철관","1차 철강 제조업","008970"
"271","케이씨티시","도로 화물 운송업","009070"
"272","경인전자","전자부품 제조업","009140"
"273","삼성전기","전자부품 제조업","009150"
"274","SIMPAC","특수 목적용 기계 제조업","009160"
"275","한솔로지스틱스","기타 운송관련 서비스업","009180"
"276","무림페이퍼","펄프 종이 및 판지 제조업","009200"
"277","한샘","생활용품 도매업","009240"
"278","신원","봉제의복 제조업","009270"
"279","광동제약","의약품 제조업","009290"
"280","삼아제약","의약품 제조업","009300"
"281","참엔지니어링","특수 목적용 기계 제조업","009310"
"282","태영건설","토목 건설업","009410"
"283","한올바이오파마","의약품 제조업","009420"
"284","KC그린홀딩스","기타 금융업","009440"
"285","경동나비엔","가정용 기기 제조업","009450"
"286","삼화전기","전자부품 제조업","009470"
"287","한국조선해양","선박 및 보트 건조업","009540"
"288","무림P&P","펄프 종이 및 판지 제조업","009580"
"289","삼보산업","1차 비철금속 제조업","009620"
"290","모토닉","자동차 신품 부품 제조업","009680"
"291","코센","1차 철강 제조업","009730"
"292","삼정펄프","펄프 종이 및 판지 제조업","009770"
"293","엠에스씨","기타 식품 제조업","009780"
"294","엔케이물산","기타 전문 도매업","009810"
"295","한화케미칼","기초 화학물질 제조업","009830"
"296","영원무역홀딩스","기타 금융업","009970"
"297","OCI","기초 화학물질 제조업","010060"
"298","한국프랜지공업","자동차 신품 부품 제조업","010100"
"299","LS산전","전동기 발전기 및 전기 변환ㆍ 공급ㆍ제어 장치 제조업","010120"
"300","고려아연","1차 비철금속 제조업","010130"
"301","삼성중공업","선박 및 보트 건조업","010140"
"302","대한광통신","절연선 및 케이블 제조업","010170"
"303","흥국","특수 목적용 기계 제조업","010240"
"304","쌍용정보통신","컴퓨터 프로그래밍 시스템 통합 및 관리업","010280"
"305","우진아이엔에스","건물설비 설치 공사업","010400"
"306","오리콤","광고업","010470"
"307","웰바이오텍","상품 중개업","010600"
"308","현대미포조선","선박 및 보트 건조업","010620"
"309","진양폴리우레탄","플라스틱제품 제조업","010640"
"310","화신","자동차 신품 부품 제조업","010690"
"311","평화홀딩스","자동차 신품 부품 제조업","010770"
"312","아이에스동서","내화 비내화 요업제품 제조업","010780"
"313","S-Oil","석유 정제품 제조업","010950"
"314","삼호개발","기반조성 및 시설물 축조관련 전문공사업","010960"
"315","진원생명과학","의약품 제조업","011000"
"316","경동제약","의약품 제조업","011040"
"317","LG이노텍","전자부품 제조업","011070"
"318","에넥스","가구 제조업","011090"
"319","두산건설","건물 건설업","011160"
"320","롯데케미칼","기초 화학물질 제조업","011170"
"321","현대상선","해상 운송업","011200"
"322","현대위아","자동차 신품 부품 제조업","011210"
"323","삼화전자공업","영상 및 음향기기 제조업","011230"
"324","태림포장","골판지 종이 상자 및 종이 용기 제조업","011280"
"325","성안","직물직조 및 직물제품 제조업","011300"
"326","유니크","자동차 신품 부품 제조업","011320"
"327","유니켐","가죽 가방 및 유사제품 제조업","011330"
"328","부산산업","시멘트 석회 플라스터 및 그 제품 제조업","011390"
"329","갤럭시아에스엠","스포츠 서비스업","011420"
"330","세보엠이씨","건물설비 설치 공사업","011560"
"331","유양디앤유","반도체 제조업","011690"
"332","한신기계공업","일반 목적용 기계 제조업","011700"
"333","현대종합상사","상품 종합 도매업","011760"
"334","금호석유화학","기초 화학물질 제조업","011780"
"335","SKC","기타 화학제품 제조업","011790"
"336","STX","상품 종합 도매업","011810"
"337","신성이엔지","반도체 제조업","011930"
"338","DB","컴퓨터 프로그래밍 시스템 통합 및 관리업","012030"
"339","영흥철강","1차 철강 제조업","012160"
"340","키위미디어그룹","영화 비디오물 방송프로그램 제작 및 배급업","012170"
"341","계양전기","일반 목적용 기계 제조업","012200"
"342","경동인베스트","석탄 광업","012320"
"343","현대모비스","자동차 신품 부품 제조업","012330"
"344","뉴인텍","전자부품 제조업","012340"
"345","한화에어로스페이스","항공기 우주선 및 부품 제조업","012450"
"346","더존비즈온","컴퓨터 프로그래밍 시스템 통합 및 관리업","012510"
"347","청호컴넷","일반 목적용 기계 제조업","012600"
"348","경인양행","기초 화학물질 제조업","012610"
"349","원일특강","1차 철강 제조업","012620"
"350","HDC","기타 금융업","012630"
"351","리드코프","기타 전문 도매업","012700"
"352","에스원","경비 경호 및 탐정업","012750"
"353","대창","1차 비철금속 제조업","012800"
"354","모베이스전자","자동차 신품 부품 제조업","012860"
"355","세우글로벌","기타 전문 도매업","013000"
"356","하이록코리아","1차 철강 제조업","013030"
"357","아진산업","자동차 신품 부품 제조업","013310"
"358","일성건설","토목 건설업","013360"
"359","화승알앤에이","자동차 신품 부품 제조업","013520"
"360","디와이","기타 금융업","013570"
"361","계룡건설산업","토목 건설업","013580"
"362","스페코","특수 목적용 기계 제조업","013810"
"363","지엠비코리아","자동차 신품 부품 제조업","013870"
"364","지누스","가구 제조업","013890"
"365","아가방컴퍼니","생활용품 도매업","013990"
"366","보령메디앙스","기타 화학제품 제조업","014100"
"367","한익스프레스","도로 화물 운송업","014130"
"368","원익큐브","기타 전문 도매업","014190"
"369","광림","자동차용 엔진 및 자동차 제조업","014200"
"370","금강공업","1차 철강 제조업","014280"
"371","영보화학","플라스틱제품 제조업","014440"
"372","부방","기타 금융업","014470"
"373","극동유화","석유 정제품 제조업","014530"
"374","백광소재","시멘트 석회 플라스터 및 그 제품 제조업","014580"
"375","성광벤드","1차 철강 제조업","014620"
"376","한솔케미칼","기초 화학물질 제조업","014680"
"377","한라","토목 건설업","014790"
"378","동원시스템즈","플라스틱제품 제조업","014820"
"379","유니드","기초 화학물질 제조업","014830"
"380","성문전자","전자부품 제조업","014910"
"381","오리엔탈정공","일반 목적용 기계 제조업","014940"
"382","삼륭물산","골판지 종이 상자 및 종이 용기 제조업","014970"
"383","인디에프","봉제의복 제조업","014990"
"384","이스타코","부동산 임대 및 공급업","015020"
"385","대창단조","자동차 신품 부품 제조업","015230"
"386","에이엔피","전자부품 제조업","015260"
"387","예스코홀딩스","기타 금융업","015360"
"388","메디파트너생명공학","기타 사업지원 서비스업","015540"
"389","코콤","통신 및 방송 장비 제조업","015710"
"390","성우하이텍","자동차 신품 부품 제조업","015750"
"391","한국전력공사","전기업","015760"
"392","일진홀딩스","기타 금융업","015860"
"393","태경산업","기초 화학물질 제조업","015890"
"394","리더스코스메틱","기타 화학제품 제조업","016100"
"395","이테크건설","건물 건설업","016250"
"396","동부제철","1차 철강 제조업","016380"
"397","한세예스24홀딩스","봉제의복 제조업","016450"
"398","환인제약","의약품 제조업","016580"
"399","신대양제지","골판지 종이 상자 및 종이 용기 제조업","016590"
"400","포비스티앤씨","기타 전문 도매업","016670"
"401","대성홀딩스","회사 본부 및 경영 컨설팅 서비스업","016710"
"402","두올","자동차 신품 부품 제조업","016740"
"403","웅진","기타 금융업","016880"
"404","카스","기계장비 및 관련 물품 도매업","016920"
"405","신원종합개발","건물 건설업","017000"
"406","광명전기","전동기 발전기 및 전기 변환ㆍ 공급ㆍ제어 장치 제조업","017040"
"407","명문제약","의약품 제조업","017180"
"408","우신시스템","특수 목적용 기계 제조업","017370"
"409","서울도시가스","연료용 가스 제조 및 배관공급업","017390"
"410","수산중공업","특수 목적용 기계 제조업","017550"
"411","대림제지","기타 종이 및 판지 제품 제조업","017650"
"412","SK텔레콤","전기 통신업","017670"
"413","데코앤이","봉제의복 제조업","017680"
"414","현대엘리베이터","일반 목적용 기계 제조업","017800"
"415","풀무원","기타 식품 제조업","017810"
"416","한국알콜","기타 화학제품 제조업","017890"
"417","광전자","반도체 제조업","017900"
"418","E1","기타 전문 도매업","017940"
"419","한국카본","구조용 금속제품 탱크 및 증기발생기 제조업","017960"
"420","유니슨","일반 목적용 기계 제조업","018000"
"421","진로발효","알코올음료 제조업","018120"
"422","애경산업","기타 화학제품 제조업","018250"
"423","삼성에스디에스","컴퓨터 프로그래밍 시스템 통합 및 관리업","018260"
"424","브이티지엠피","컴퓨터 및 주변장치 제조업","018290"
"425","동원금속","자동차 신품 부품 제조업","018500"
"426","우진비앤지","의약품 제조업","018620"
"427","SK가스","기타 전문 도매업","018670"
"428","바른손","영화 비디오물 방송프로그램 제작 및 배급업","018700"
"429","한온시스템","일반 목적용 기계 제조업","018880"
"430","베뉴지","종합 소매업","019010"
"431","신풍제약","의약품 제조업","019170"
"432","티에이치엔","기타 전기장비 제조업","019180"
"433","와이지-원","기타 금속 가공제품 제조업","019210"
"434","세아특수강","1차 철강 제조업","019440"
"435","하이트론씨스템즈","영상 및 음향기기 제조업","019490"
"436","일지테크","자동차 신품 부품 제조업","019540"
"437","대교","초등 교육기관","019680"
"438","서연탑메탈","특수 목적용 기계 제조업","019770"
"439","에너토크","일반 목적용 기계 제조업","019990"
"440","한섬","봉제의복 제조업","020000"
"441","키다리스튜디오","자료처리 호스팅 포털 및 기타 인터넷 정보매개 서비스업","020120"
"442","일진머티리얼즈","전자부품 제조업","020150"
"443","아시아나항공","항공 여객 운송업","020560"
"444","시공테크","전문 디자인업","020710"
"445","일진디스플","반도체 제조업","020760"
"446","서원","금속 주조업","021050"
"447","웅진코웨이","그 외 기타 개인 서비스업","021240"
"448","한국큐빅","플라스틱제품 제조업","021650"
"449","포스코 ICT","건축기술 엔지니어링 및 관련 기술 서비스업","022100"
"450","정산애강","플라스틱제품 제조업","022220"
"451","MH에탄올","알코올음료 제조업","023150"
"452","태광","1차 철강 제조업","023160"
"453","유진기업","시멘트 석회 플라스터 및 그 제품 제조업","023410"
"454","CNH","신탁업 및 집합투자업","023460"
"455","롯데쇼핑","종합 소매업","023530"
"456","다우기술","자료처리 호스팅 포털 및 기타 인터넷 정보매개 서비스업","023590"
"457","삼보판지","펄프 종이 및 판지 제조업","023600"
"458","인지컨트롤스","자동차 신품 부품 제조업","023800"
"459","인팩","자동차 신품 부품 제조업","023810"
"460","한국아트라스비엑스","일차전지 및 축전지 제조업","023890"
"461","풍국주정","알코올음료 제조업","023900"
"462","WISCOM","플라스틱제품 제조업","024070"
"463","디씨엠","1차 철강 제조업","024090"
"464","KB오토시스","자동차 신품 부품 제조업","024120"
"465","한국콜마홀딩스","기타 금융업","024720"
"466","한일단조","자동차 신품 부품 제조업","024740"
"467","유성티엔에스","육상 여객 운송업","024800"
"468","KBI메탈","1차 비철금속 제조업","024840"
"469","피에스엠씨","전자부품 제조업","024850"
"470","케이피에프","기타 금속 가공제품 제조업","024880"
"471","대원화성","플라스틱제품 제조업","024890"
"472","덕양산업","자동차 신품 부품 제조업","024900"
"473","경창산업","자동차 신품 부품 제조업","024910"
"474","삼천리자전거","생활용품 도매업","024950"
"475","KPX케미칼","기초 화학물질 제조업","025000"
"476","시노펙스","전자부품 제조업","025320"
"477","대성엘텍","영상 및 음향기기 제조업","025440"
"478","에스제이엠홀딩스","자동차 부품 및 내장품 판매업","025530"
"479","한국단자공업","전동기 발전기 및 전기 변환ㆍ 공급ㆍ제어 장치 제조업","025540"
"480","한국선재","1차 철강 제조업","025550"
"481","미래산업","측정 시험 항해 제어 및 기타 정밀기기 제조업 광학기기 제외","025560"
"482","제이준코스메틱","기타 화학제품 제조업","025620"
"483","한솔홈데코","제재 및 목재 가공업","025750"
"484","한국정보통신","전기 통신업","025770"
"485","신라에스지","음ㆍ식료품 및 담배 도매업","025870"
"486","케이씨피드","동물용 사료 및 조제식품 제조업","025880"
"487","동화기업","나무제품 제조업","025900"
"488","아난티","스포츠 서비스업","025980"
"489","제이에스티나","귀금속 및 장신용품 제조업","026040"
"490","특수건설","토목 건설업","026150"
"491","디피씨","전동기 발전기 및 전기 변환ㆍ 공급ㆍ제어 장치 제조업","026890"
"492","동서","음ㆍ식료품 및 담배 도매업","026960"
"493","서울전자통신","그 외 기타 제품 제조업","027040"
"494","코리아나","기타 화학제품 제조업","027050"
"495","BGF","기타 금융업","027410"
"496","상보","전자부품 제조업","027580"
"497","팜스토리","동물용 사료 및 조제식품 제조업","027710"
"498","마니커","도축 육류 가공 및 저장 처리업","027740"
"499","미래SCI","기타 비금속 광물제품 제조업","028040"
"500","삼성엔지니어링","건축기술 엔지니어링 및 관련 기술 서비스업","028050"
"501","동아지질","기반조성 및 시설물 축조관련 전문공사업","028100"
"502","GS홈쇼핑","텔레비전 방송업","028150"
"503","삼성물산","기타 전문 도매업","028260"
"504","에이치엘비","선박 및 보트 건조업","028300"
"505","팬오션","해상 운송업","028670"
"506","케이씨","측정 시험 항해 제어 및 기타 정밀기기 제조업 광학기기 제외","029460"
"507","바른테크놀로지","통신 및 방송 장비 제조업","029480"
"508","신도리코","컴퓨터 및 주변장치 제조업","029530"
"509","제일기획","광고업","030000"
"510","NICE평가정보","기타 정보 서비스업","030190"
"511","케이티","전기 통신업","030200"
"512","에스마크","방적 및 가공사 제조업","030270"
"513","한글과컴퓨터","소프트웨어 개발 및 공급업","030520"
"514","원익홀딩스","기타 금융업","030530"
"515","동원수산","어로 어업","030720"
"516","동양네트웍스","컴퓨터 프로그래밍 시스템 통합 및 관리업","030790"
"517","아이즈비전","전기 통신업","031310"
"518","에스에이엠티","기계장비 및 관련 물품 도매업","031330"
"519","녹십자셀","기초 의약물질 및 생물학적 제제 제조업","031390"
"520","신세계인터내셔날","섬유 의복 신발 및 가죽제품 소매업","031430"
"521","신세계푸드","음식점업","031440"
"522","오스템","자동차 신품 부품 제조업","031510"
"523","엔에스엔","상품 종합 도매업","031860"
"524","피에스케이홀딩스","특수 목적용 기계 제조업","031980"
"525","다우데이타","기계장비 및 관련 물품 도매업","032190"
"526","롯데관광개발","여행사 및 기타 여행보조 서비스업","032350"
"527","케이엠더블유","통신 및 방송 장비 제조업","032500"
"528","TJ미디어","영상 및 음향기기 제조업","032540"
"529","황금에스티","1차 비철금속 제조업","032560"
"530","유비케어","소프트웨어 개발 및 공급업","032620"
"531","LG유플러스","전기 통신업","032640"
"532","삼진","통신 및 방송 장비 제조업","032750"
"533","엠젠플러스","기계장비 및 관련 물품 도매업","032790"
"534","판타지오","창작 및 예술관련 서비스업","032800"
"535","우리기술","전동기 발전기 및 전기 변환ㆍ 공급ㆍ제어 장치 제조업","032820"
"536","비트컴퓨터","소프트웨어 개발 및 공급업","032850"
"537","GMR 머티리얼즈","해체 선별 및 원료 재생업 ","032860"
"538","원익","기계장비 및 관련 물품 도매업","032940"
"539","동일기연","전자부품 제조업","032960"
"540","바이온","음ㆍ식료품 및 담배 도매업","032980"
"541","제이엠아이","기록매체 복제업","033050"
"542","코너스톤네트웍스","측정 시험 항해 제어 및 기타 정밀기기 제조업 광학기기 제외","033110"
"543","디지틀조선","자료처리 호스팅 포털 및 기타 인터넷 정보매개 서비스업","033130"
"544","엠케이전자","전자부품 제조업","033160"
"545","시그네틱스","반도체 제조업","033170"
"546","필룩스","전자부품 제조업","033180"
"547","모아텍","전자부품 제조업","033200"
"548","인성정보","컴퓨터 프로그래밍 시스템 통합 및 관리업","033230"
"549","자화전자","전자부품 제조업","033240"
"550","코웰패션","섬유 의복 신발 및 가죽제품 소매업","033290"
"551","디케이디앤아이","기타 금속 가공제품 제조업","033310"
"552","제이씨현시스템","기계장비 및 관련 물품 도매업","033320"
"553","좋은사람들","봉제의복 제조업","033340"
"554","디에스티","특수 목적용 기계 제조업","033430"
"555","동성화인텍","기초 화학물질 제조업","033500"
"556","세종공업","자동차 신품 부품 제조업","033530"
"557","파라텍","특수 목적용 기계 제조업","033540"
"558","블루콤","영상 및 음향기기 제조업","033560"
"559","럭슬","자동차 신품 부품 제조업","033600"
"560","네패스","반도체 제조업","033640"
"561","케이티앤지","담배 제조업","033780"
"562","스카이문스테크놀로지","통신 및 방송 장비 제조업","033790"
"563","티비씨","텔레비전 방송업","033830"
"564","무학","알코올음료 제조업","033920"
"565","두산중공업","일반 목적용 기계 제조업","034020"
"566","SBS","텔레비전 방송업","034120"
"567","LG디스플레이","전자부품 제조업","034220"
"568","파라다이스","유원지 및 기타 오락관련 서비스업","034230"
"569","NICE","회사 본부 및 경영 컨설팅 서비스업","034310"
"570","인천도시가스","연료용 가스 제조 및 배관공급업","034590"
"571","SK","기타 금융업","034730"
"572","조아제약","의약품 제조업","034940"
"573","한국기업평가","기타 사업지원 서비스업","034950"
"574","지투알","회사 본부 및 경영 컨설팅 서비스업","035000"
"575","인터파크홀딩스","무점포 소매업","035080"
"576","백산","플라스틱제품 제조업","035150"
"577","프럼파스트","플라스틱제품 제조업","035200"
"578","강원랜드","유원지 및 기타 오락관련 서비스업","035250"
"579","더블유에프엠","서적 잡지 및 기타 인쇄물 출판업","035290"
"580","NAVER","자료처리 호스팅 포털 및 기타 인터넷 정보매개 서비스업","035420"
"581","기산텔레콤","통신 및 방송 장비 제조업","035460"
"582","제이테크놀로지","유원지 및 기타 오락관련 서비스업","035480"
"583","KG이니시스","소프트웨어 개발 및 공급업","035600"
"584","솔본","회사 본부 및 경영 컨설팅 서비스업","035610"
"585","바른손이앤에이","소프트웨어 개발 및 공급업","035620"
"586","카카오","자료처리 호스팅 포털 및 기타 인터넷 정보매개 서비스업","035720"
"587","CJ ENM","텔레비전 방송업","035760"
"588","이지바이오","동물용 사료 및 조제식품 제조업","035810"
"589","서희건설","건물 건설업","035890"
"590","JYP Ent.","오디오물 출판 및 원판 녹음업","035900"
"591","예림당","서적 잡지 및 기타 인쇄물 출판업","036000"
"592","아비코전자","전자부품 제조업","036010"
"593","위지트","특수 목적용 기계 제조업","036090"
"594","SCI평가정보","기타 정보 서비스업","036120"
"595","씨티젠","반도체 제조업","036170"
"596","영인프런티어","기계장비 및 관련 물품 도매업","036180"
"597","금화피에스시","전기 및 통신 공사업","036190"
"598","유니셈","특수 목적용 기계 제조업","036200"
"599","이매진아시아","영화 비디오물 방송프로그램 제작 및 배급업","036260"
"600","제이콘텐트리","영화 비디오물 방송프로그램 제작 및 배급업","036420"
"601","한국가스공사","연료용 가스 제조 및 배관공급업","036460"
"602","SK머티리얼즈","기초 화학물질 제조업","036490"
"603","S&T홀딩스","기타 금융업","036530"
"604","SFA반도체","반도체 제조업","036540"
"605","엔씨소프트","소프트웨어 개발 및 공급업","036570"
"606","팜스코","곡물가공품 전분 및 전분제품 제조업","036580"
"607","버추얼텍","기타 전문 도매업","036620"
"608","세종텔레콤","전기 통신업","036630"
"609","HRS","합성고무 및 플라스틱 물질 제조업","036640"
"610","코맥스","통신 및 방송 장비 제조업","036690"
"611","심텍홀딩스","통신 및 방송 장비 제조업","036710"
"612","나이스정보통신","전기 통신업","036800"
"613","에프에스티","전자부품 제조업","036810"
"614","솔브레인","기타 화학제품 제조업","036830"
"615","진성티이씨","특수 목적용 기계 제조업","036890"
"616","주성엔지니어링","특수 목적용 기계 제조업","036930"
"617","파워넷","전동기 발전기 및 전기 변환ㆍ 공급ㆍ제어 장치 제조업","037030"
"618","YG PLUS","인형 장난감 및 오락용품 제조업","037270"
"619","인지디스플레","전자부품 제조업","037330"
"620","성도이엔지","건축기술 엔지니어링 및 관련 기술 서비스업","037350"
"621","EG","기타 전문 도매업","037370"
"622","우리조명","전구 및 조명장치 제조업","037400"
"623","희림","건축기술 엔지니어링 및 관련 기술 서비스업","037440"
"624","삼지전자","통신 및 방송 장비 제조업","037460"
"625","CJ헬로","텔레비전 방송업","037560"
"626","쎄니트","1차 철강 제조업","037760"
"627","엘컴텍","전자부품 제조업","037950"
"628","제일테크노스","구조용 금속제품 탱크 및 증기발생기 제조업","038010"
"629","루멘스","반도체 제조업","038060"
"630","서린바이오","기타 전문 도매업","038070"
"631","에코플라스틱","자동차 신품 부품 제조업","038110"
"632","팍스넷","기타 정보 서비스업","038160"
"633","마크로젠","그 외 기타 전문 과학 및 기술 서비스업","038290"
"634","UCI","일반 교습 학원","038340"
"635","레드캡투어","여행사 및 기타 여행보조 서비스업","038390"
"636","바이오스마트","전자부품 제조업","038460"
"637","삼표시멘트","기타 비금속 광물제품 제조업","038500"
"638","골드퍼시픽","생활용품 도매업","038530"
"639","상상인","컴퓨터 프로그래밍 시스템 통합 및 관리업","038540"
"640","위즈코프","연료 소매업","038620"
"641","에스넷","컴퓨터 프로그래밍 시스템 통합 및 관리업","038680"
"642","에코바이오","사업시설 유지ㆍ관리 서비스업","038870"
"643","아이에이","전자부품 제조업","038880"
"644","파인디지털","통신 및 방송 장비 제조업","038950"
"645","이건홀딩스","기타 금융업","039020"
"646","이오테크닉스","특수 목적용 기계 제조업","039030"
"647","하나투어","여행사 및 기타 여행보조 서비스업","039130"
"648","오스코텍","의약품 제조업","039200"
"649","에이아이비트","측정 시험 항해 제어 및 기타 정밀기기 제조업 광학기기 제외","039230"
"650","인포뱅크","기타 정보 서비스업","039290"
"651","세중","여행사 및 기타 여행보조 서비스업","039310"
"652","한국경제TV","텔레비전 방송업","039340"
"653","케이엘넷","전기 통신업","039420"
"654","에스티아이","특수 목적용 기계 제조업","039440"
"655","다산네트웍스","통신 및 방송 장비 제조업","039560"
"656","HDC아이콘트롤스","전기 및 통신 공사업","039570"
"657","한류타임즈","서적 잡지 및 기타 인쇄물 출판업","039670"
"658","한국정보공학","기타 전문 도매업","039740"
"659","오로라","전문 디자인업","039830"
"660","디오","의료용 기기 제조업","039840"
"661","나노엔텍","의료용 기기 제조업","039860"
"662","리노스","섬유 의복 신발 및 가죽제품 소매업","039980"
"663","누리텔레콤","소프트웨어 개발 및 공급업","040160"
"664","YTN","영화 비디오물 방송프로그램 제작 및 배급업","040300"
"665","큐로컴","컴퓨터 프로그래밍 시스템 통합 및 관리업","040350"
"666","정상제이엘에스","일반 교습 학원","040420"
"667","SG&G","자동차 신품 부품 제조업","040610"
"668","아이씨디","특수 목적용 기계 제조업","040910"
"669","인프라웨어","소프트웨어 개발 및 공급업","041020"
"670","넥슨지티","소프트웨어 개발 및 공급업","041140"
"671","에버다임","특수 목적용 기계 제조업","041440"
"672","에스엠","오디오물 출판 및 원판 녹음업","041510"
"673","이라이콤","상품 중개업","041520"
"674","젬백스지오","건물설비 설치 공사업","041590"
"675","상신브레이크","자동차 신품 부품 제조업","041650"
"676","인바디","의료용 기기 제조업","041830"
"677","에스텍파마","의약품 제조업","041910"
"678","메디아나","의료용 기기 제조업","041920"
"679","동아화성","고무제품 제조업","041930"
"680","코미팜","의약품 제조업","041960"
"681","카페24","자료처리 호스팅 포털 및 기타 인터넷 정보매개 서비스업","042000"
"682","케이피엠테크","기타 화학제품 제조업","042040"
"683","에스씨디","가정용 기기 제조업","042110"
"684","비츠로테크","기타 금융업","042370"
"685","네오위즈홀딩스","소프트웨어 개발 및 공급업","042420"
"686","링네트","컴퓨터 프로그래밍 시스템 통합 및 관리업","042500"
"687","라온시큐어","소프트웨어 개발 및 공급업","042510"
"688","새로닉스","전자부품 제조업","042600"
"689","대우조선해양","선박 및 보트 건조업","042660"
"690","두산인프라코어","특수 목적용 기계 제조업","042670"
"691","한미반도체","특수 목적용 기계 제조업","042700"
"692","상지카일룸","건물 건설업","042940"
"693","솔고바이오","의료용 기기 제조업","043100"
"694","바텍","의료용 기기 제조업","043150"
"695","파루","전동기 발전기 및 전기 변환ㆍ 공급ㆍ제어 장치 제조업","043200"
"696","에이치엘비파워","특수 목적용 기계 제조업","043220"
"697","성호전자","전자부품 제조업","043260"
"698","케이맥","특수 목적용 기계 제조업","043290"
"699","평화정공","자동차 신품 부품 제조업","043370"
"700","크로바하이텍","반도체 제조업","043590"
"701","국순당","알코올음료 제조업","043650"
"702","서울리거","기타 전문 도매업","043710"
"703","자연과환경","환경 정화 및 복원업","043910"
"704","조광ILI","일반 목적용 기계 제조업","044060"
"705","KD","건물 건설업","044180"
"706","위닉스","가정용 기기 제조업","044340"
"707","주연테크","컴퓨터 및 주변장치 제조업","044380"
"708","KSS해운","해상 운송업","044450"
"709","바이오제네틱스","고무제품 제조업","044480"
"710","에이치케이","특수 목적용 기계 제조업","044780"
"711","코스맥스비티아이","기타 금융업","044820"
"712","오공","기타 화학제품 제조업","045060"
"713","한양이엔지","건축기술 엔지니어링 및 관련 기술 서비스업","045100"
"714","성우테크론","전자부품 제조업","045300"
"715","대아티아이","기타 전기장비 제조업","045390"
"716","정원엔시스","컴퓨터 프로그래밍 시스템 통합 및 관리업","045510"
"717","크린앤사이언스","일반 목적용 기계 제조업","045520"
"718","GV","전구 및 조명장치 제조업","045890"
"719","코아시아","그 외 기타 전문 과학 및 기술 서비스업","045970"
"720","코다코","자동차 신품 부품 제조업","046070"
"721","한일네트웍스","자료처리 호스팅 포털 및 기타 인터넷 정보매개 서비스업","046110"
"722","오르비텍","기타 과학기술 서비스업","046120"
"723","SBS콘텐츠허브","영화 비디오물 방송프로그램 제작 및 배급업","046140"
"724","백금T&A","통신 및 방송 장비 제조업","046310"
"725","삼화네트웍스","영화 비디오물 방송프로그램 제작 및 배급업","046390"
"726","KG모빌리언스","소프트웨어 개발 및 공급업","046440"
"727","서울반도체","반도체 제조업","046890"
"728","우원개발","기반조성 및 시설물 축조관련 전문공사업","046940"
"729","우리로","통신 및 방송 장비 제조업","046970"
"730","대우건설","건물 건설업","047040"
"731","포스코인터내셔널","상품 중개업","047050"
"732","한빛소프트","소프트웨어 개발 및 공급업","047080"
"733","파워로직스","전동기 발전기 및 전기 변환ㆍ 공급ㆍ제어 장치 제조업","047310"
"734","유니온머티리얼","내화 비내화 요업제품 제조업","047400"
"735","이스트소프트","소프트웨어 개발 및 공급업","047560"
"736","코데즈컴바인","봉제의복 제조업","047770"
"737","한국항공우주","항공기 우주선 및 부품 제조업","047810"
"738","초록뱀","영화 비디오물 방송프로그램 제작 및 배급업","047820"
"739","씨트리","자연과학 및 공학 연구개발업","047920"
"740","오스템임플란트","의료용 기기 제조업","048260"
"741","현대바이오","기타 화학제품 제조업","048410"
"742","유라테크","전동기 발전기 및 전기 변환ㆍ 공급ㆍ제어 장치 제조업","048430"
"743","인트론바이오","기초 의약물질 및 생물학적 제제 제조업","048530"
"744","SM C&C","광고업","048550"
"745","TPC","일반 목적용 기계 제조업","048770"
"746","엔피케이","합성고무 및 플라스틱 물질 제조업","048830"
"747","시너지이노베이션","의료용 기기 제조업","048870"
"748","대원미디어","기타 전문 도매업","048910"
"749","인탑스","통신 및 방송 장비 제조업","049070"
"750","기가레인","특수 목적용 기계 제조업","049080"
"751","파인디앤씨","전자부품 제조업","049120"
"752","셀루메드","기초 의약물질 및 생물학적 제제 제조업","049180"
"753","코메론","측정 시험 항해 제어 및 기타 정밀기기 제조업 광학기기 제외","049430"
"754","SGA","소프트웨어 개발 및 공급업","049470"
"755","오픈베이스","컴퓨터 프로그래밍 시스템 통합 및 관리업","049480"
"756","유아이엘","전자부품 제조업","049520"
"757","잉크테크","기타 화학제품 제조업","049550"
"758","재영솔루텍","사진장비 및 광학기기 제조업","049630"
"759","고려신용정보","기타 사업지원 서비스업","049720"
"760","동원F&B","기타 식품 제조업","049770"
"761","우진플라임","특수 목적용 기계 제조업","049800"
"762","미래컴퍼니","특수 목적용 기계 제조업","049950"
"763","쎌바이오텍","기초 의약물질 및 생물학적 제제 제조업","049960"
"764","휘닉스소재","전자부품 제조업","050090"
"765","캠시스","전자부품 제조업","050110"
"766","라이브플렉스","생활용품 도매업","050120"
"767","한국코퍼레이션","기타 사업지원 서비스업","050540"
"768","에스폴리텍","플라스틱제품 제조업","050760"
"769","쏠리드","통신 및 방송 장비 제조업","050890"
"770","지어소프트","소프트웨어 개발 및 공급업","051160"
"771","토비스","영상 및 음향기기 제조업","051360"
"772","인터플렉스","전자부품 제조업","051370"
"773","YW","상품 종합 도매업","051390"
"774","나라엠앤디","특수 목적용 기계 제조업","051490"
"775","CJ프레시웨이","음ㆍ식료품 및 담배 도매업","051500"
"776","한전KPS","전기 및 통신 공사업","051600"
"777","큐로홀딩스","영화 비디오물 방송프로그램 제작 및 배급업","051780"
"778","LG생활건강","기타 화학제품 제조업","051900"
"779","LG화학","기초 화학물질 제조업","051910"
"780","센트럴바이오","플라스틱제품 제조업","051980"
"781","에스티큐브","기계장비 및 관련 물품 도매업","052020"
"782","이에스에이","창작 및 예술관련 서비스업","052190"
"783","iMBC","자료처리 호스팅 포털 및 기타 인터넷 정보매개 서비스업","052220"
"784","SK바이오랜드","기타 화학제품 제조업","052260"
"785","W홀딩컴퍼니","기타 운송관련 서비스업","052300"
"786","코텍","영상 및 음향기기 제조업","052330"
"787","코나아이","소프트웨어 개발 및 공급업","052400"
"788","오성첨단소재","플라스틱제품 제조업","052420"
"789","아이크래프트","컴퓨터 프로그래밍 시스템 통합 및 관리업","052460"
"790","아모텍","전자부품 제조업","052710"
"791","와이디온라인","소프트웨어 개발 및 공급업","052770"
"792","액토즈소프트","소프트웨어 개발 및 공급업","052790"
"793","아이앤씨","반도체 제조업","052860"
"794","KMH하이텍","플라스틱제품 제조업","052900"
"795","바이넥스","의약품 제조업","053030"
"796","세동","자동차 신품 부품 제조업","053060"
"797","소리바다","자료처리 호스팅 포털 및 기타 인터넷 정보매개 서비스업","053110"
"798","프리엠스","전동기 발전기 및 전기 변환ㆍ 공급ㆍ제어 장치 제조업","053160"
"799","케이티스카이라이프","텔레비전 방송업","053210"
"800","금강철강","1차 철강 제조업","053260"
"801","구영테크","자동차 신품 부품 제조업","053270"
"802","예스24","무점포 소매업","053280"
"803","한국정보인증","소프트웨어 개발 및 공급업","053300"
"804","이니텍","소프트웨어 개발 및 공급업","053350"
"805","세코닉스","사진장비 및 광학기기 제조업","053450"
"806","한국테크놀로지","특수 목적용 기계 제조업","053590"
"807","프로텍","특수 목적용 기계 제조업","053610"
"808","태양","기타 금속 가공제품 제조업","053620"
"809","현진소재","기타 금속 가공제품 제조업","053660"
"810","한미글로벌","건축기술 엔지니어링 및 관련 기술 서비스업","053690"
"811","삼보모터스","자동차 신품 부품 제조업","053700"
"812","안랩","소프트웨어 개발 및 공급업","053800"
"813","경남제약","의약품 제조업","053950"
"814","오상자이엘","컴퓨터 프로그래밍 시스템 통합 및 관리업","053980"
"815","한국컴퓨터","전자부품 제조업","054040"
"816","농우바이오","작물 재배업","054050"
"817","삼진엘앤디","그 외 기타 제품 제조업","054090"
"818","이랜텍","전자부품 제조업","054210"
"819","피앤텔","통신 및 방송 장비 제조업","054340"
"820","텔레칩스","반도체 제조업","054450"
"821","삼영엠텍","구조용 금속제품 탱크 및 증기발생기 제조업","054540"
"822","APS홀딩스","기타 금융업","054620"
"823","키이스트","영화 비디오물 방송프로그램 제작 및 배급업","054780"
"824","아이디스홀딩스","기타 전문 서비스업","054800"
"825","한컴위드","소프트웨어 개발 및 공급업","054920"
"826","엑사이엔씨","실내건축 및 건축마무리 공사업","054940"
"827","제이브이엠","일반 목적용 기계 제조업","054950"
"828","테이팩스","플라스틱제품 제조업","055490"
"829","신스타임즈","소프트웨어 개발 및 공급업","056000"
"830","유진로봇","특수 목적용 기계 제조업","056080"
"831","유앤아이","의료용 기기 제조업","056090"
"832","에스에프에이","특수 목적용 기계 제조업","056190"
"833","코위버","통신 및 방송 장비 제조업","056360"
"834","신화인터텍","플라스틱제품 제조업","056700"
"835","포스링크","기타 전문 도매업","056730"
"836","와이비엠넷","교육지원 서비스업","057030"
"837","현대홈쇼핑","무점포 소매업","057050"
"838","SKC 솔믹스","전자부품 제조업","057500"
"839","옴니시스템","측정 시험 항해 제어 및 기타 정밀기기 제조업 광학기기 제외","057540"
"840","필로시스헬스케어","섬유 의복 신발 및 가죽제품 소매업","057880"
"841","멕아이씨에스","의료용 기기 제조업","058110"
"842","아리온","통신 및 방송 장비 제조업","058220"
"843","KNN","텔레비전 방송업","058400"
"844","제이웨이","영화 비디오물 방송프로그램 제작 및 배급업","058420"
"845","포스코강판","1차 철강 제조업","058430"
"846","일야","통신 및 방송 장비 제조업","058450"
"847","슈펙스비앤피","생활용품 도매업","058530"
"848","에스피지","전동기 발전기 및 전기 변환ㆍ 공급ㆍ제어 장치 제조업","058610"
"849","엠게임","소프트웨어 개발 및 공급업","058630"
"850","세아홀딩스","1차 철강 제조업","058650"
"851","다스코","구조용 금속제품 탱크 및 증기발생기 제조업","058730"
"852","CMG제약","의약품 제조업","058820"
"853","KTcs","기타 정보 서비스업","058850"
"854","미코","반도체 제조업","059090"
"855","메타바이오메드","의료용품 및 기타 의약 관련제품 제조업","059210"
"856","인선이엔티","폐기물 처리업","060150"
"857","이그잭스","전자부품 제조업","060230"
"858","룽투코리아","소프트웨어 개발 및 공급업","060240"
"859","NHN한국사이버결제","기타 정보 서비스업","060250"
"860","레드로버","영화 비디오물 방송프로그램 제작 및 배급업","060300"
"861","3S","특수 목적용 기계 제조업","060310"
"862","동양에스텍","1차 철강 제조업","060380"
"863","에스에이티","측정 시험 항해 제어 및 기타 정밀기기 제조업 광학기기 제외","060540"
"864","홈센타홀딩스","기타 전문 도매업","060560"
"865","드림어스컴퍼니","기타 전문 도매업","060570"
"866","씨티씨바이오","생활용품 도매업","060590"
"867","KH바텍","전자부품 제조업","060720"
"868","케이알피앤이","석유 정제품 제조업","060900"
"869","한라홀딩스","기타 금융업","060980"
"870","알에프텍","통신 및 방송 장비 제조업","061040"
"871","엘비세미콘","반도체 제조업","061970"
"872","티엘아이","반도체 제조업","062860"
"873","게임빌","소프트웨어 개발 및 공급업","063080"
"874","종근당바이오","의약품 제조업","063160"
"875","서울옥션","상품 중개업","063170"
"876","SM Life Design","기록매체 복제업","063440"
"877","한국전자금융","기타 사업지원 서비스업","063570"
"878","이엘피","측정 시험 항해 제어 및 기타 정밀기기 제조업 광학기기 제외","063760"
"879","에프앤리퍼블릭","상품 종합 도매업","064090"
"880","홈캐스트","영상 및 음향기기 제조업","064240"
"881","다날","소프트웨어 개발 및 공급업","064260"
"882","인텍플러스","특수 목적용 기계 제조업","064290"
"883","현대로템","철도장비 제조업","064350"
"884","에코마이스터","특수 목적용 기계 제조업","064510"
"885","바른전자","반도체 제조업","064520"
"886","바이오니아","의료용품 및 기타 의약 관련제품 제조업","064550"
"887","필링크","섬유 의복 신발 및 가죽제품 소매업","064800"
"888","케이프","선박 및 보트 건조업","064820"
"889","S&T모티브","자동차 신품 부품 제조업","064960"
"890","지엔코","봉제의복 제조업","065060"
"891","탑엔지니어링","특수 목적용 기계 제조업","065130"
"892","MP그룹","음ㆍ식료품 및 담배 도매업","065150"
"893","넥스트BT","음ㆍ식료품 및 담배 도매업","065170"
"894","신성델타테크","가정용 기기 제조업","065350"
"895","에스아이리소스","석탄 광업","065420"
"896","이루온","소프트웨어 개발 및 공급업","065440"
"897","오리엔트정공","자동차 신품 부품 제조업","065500"
"898","휴비츠","의료용 기기 제조업","065510"
"899","녹원씨엔아이","인쇄 및 인쇄관련 산업","065560"
"900","삼영이엔씨","통신 및 방송 장비 제조업","065570"
"901","제낙스","1차 철강 제조업","065620"
"902","우주일렉트로","전자부품 제조업","065680"
"903","파커스","반도체 제조업","065690"
"904","서호전기","전동기 발전기 및 전기 변환ㆍ 공급ㆍ제어 장치 제조업","065710"
"905","CS","통신 및 방송 장비 제조업","065770"
"906","바이오빌","기초 화학물질 제조업","065940"
"907","웰크론","직물직조 및 직물제품 제조업","065950"
"908","한프","컴퓨터 및 주변장치 제조업","066110"
"909","큐에스아이","반도체 제조업","066310"
"910","체리부로","도축 육류 가공 및 저장 처리업","066360"
"911","LG전자","통신 및 방송 장비 제조업","066570"
"912","우수AMS","자동차 신품 부품 제조업","066590"
"913","국보디자인","실내건축 및 건축마무리 공사업","066620"
"914","테라젠이텍스","의약품 제조업","066700"
"915","씨씨에스","텔레비전 방송업","066790"
"916","손오공","기타 전문 도매업","066910"
"917","엘앤에프","일차전지 및 축전지 제조업","066970"
"918","브레인콘텐츠","기타 정보 서비스업","066980"
"919","조이시티","소프트웨어 개발 및 공급업","067000"
"920","대화제약","의약품 제조업","067080"
"921","아프리카TV","소프트웨어 개발 및 공급업","067160"
"922","오텍","자동차 재제조 부품 제조업","067170"
"923","멀티캠퍼스","기타 교육기관","067280"
"924","JW신약","의약품 제조업","067290"
"925","하나마이크론","반도체 제조업","067310"
"926","아스트","항공기 우주선 및 부품 제조업","067390"
"927","엔브이에이치코리아","자동차 신품 부품 제조업","067570"
"928","에이치엘비생명과학","건축기술 엔지니어링 및 관련 기술 서비스업","067630"
"929","세진티에스","전자부품 제조업","067770"
"930","세이브존I&C","종합 소매업","067830"
"931","와이엔텍","폐기물 처리업","067900"
"932","이글루시큐리티","기타 정보 서비스업","067920"
"933","도이치모터스","자동차 판매업","067990"
"934","팬엔터테인먼트","영화 비디오물 방송프로그램 제작 및 배급업","068050"
"935","다원시스","전동기 발전기 및 전기 변환ㆍ 공급ㆍ제어 장치 제조업","068240"
"936","셀트리온","기초 의약물질 및 생물학적 제제 제조업","068270"
"937","삼성출판사","서적 잡지 및 기타 인쇄물 출판업","068290"
"938","일신바이오","일반 목적용 기계 제조업","068330"
"939","셀트리온제약","의약품 제조업","068760"
"940","DMS","특수 목적용 기계 제조업","068790"
"941","디지털대성","일반 교습 학원","068930"
"942","아이씨케이","전자부품 제조업","068940"
"943","웹젠","소프트웨어 개발 및 공급업","069080"
"944","코스온","기타 화학제품 제조업","069110"
"945","누리플랜","구조용 금속제품 탱크 및 증기발생기 제조업","069140"
"946","휴켐스","기타 화학제품 제조업","069260"
"947","유아이디","전자부품 제조업","069330"
"948","엔텔스","소프트웨어 개발 및 공급업","069410"
"949","에스텍","영상 및 음향기기 제조업","069510"
"950","라이트론","통신 및 방송 장비 제조업","069540"
"951","대웅제약","의약품 제조업","069620"
"952","한세엠케이","섬유 의복 신발 및 가죽제품 소매업","069640"
"953","아이에스이커머스","무점포 소매업","069920"
"954","현대백화점","종합 소매업","069960"
"955","용평리조트","일반 및 생활 숙박시설 운영업","070960"
"956","하이스틸","1차 철강 제조업","071090"
"957","인피니트헬스케어","소프트웨어 개발 및 공급업","071200"
"958","로체시스템즈","특수 목적용 기계 제조업","071280"
"959","지역난방공사","증기 냉ㆍ온수 및 공기조절 공급업","071320"
"960","위니아딤채","가정용 기기 제조업","071460"
"961","에이테크솔루션","특수 목적용 기계 제조업","071670"
"962","캐스텍코리아","자동차 신품 부품 제조업","071850"
"963","코아스","가구 제조업","071950"
"964","STX중공업","일반 목적용 기계 제조업","071970"
"965","유엔젤","자료처리 호스팅 포털 및 기타 인터넷 정보매개 서비스업","072130"
"966","우리산업홀딩스","자동차 신품 부품 제조업","072470"
"967","제넨바이오","폐기물 처리업","072520"
"968","농심홀딩스","기타 금융업","072710"
"969","메가스터디","서적 잡지 및 기타 인쇄물 출판업","072870"
"970","빛샘전자","전자부품 제조업","072950"
"971","에이치시티","기타 과학기술 서비스업","072990"
"972","에스모","자동차 신품 부품 제조업","073070"
"973","엘엠에스","전자부품 제조업","073110"
"974","듀오백","가구 제조업","073190"
"975","금호타이어","고무제품 제조업","073240"
"976","이노와이어리스","통신 및 방송 장비 제조업","073490"
"977","에프알텍","통신 및 방송 장비 제조업","073540"
"978","우리손에프앤지","도축 육류 가공 및 저장 처리업","073560"
"979","삼원테크","기타 금속 가공제품 제조업","073640"
"980","아미노로직스","기타 전문 도매업","074430"
"981","원익QnC","유리 및 유리제품 제조업","074600"
"982","나노메딕스","일반 목적용 기계 제조업","074610"
"983","플랜티넷","컴퓨터 프로그래밍 시스템 통합 및 관리업","075130"
"984","새론오토모티브","자동차 신품 부품 제조업","075180"
"985","세진중공업","선박 및 보트 건조업","075580"
"986","동국알앤에스","기타 비금속 광물제품 제조업","075970"
"987","웰크론한텍","건물 건설업","076080"
"988","해성옵틱스","사진장비 및 광학기기 제조업","076610"
"989","한컴지엠디","소프트웨어 개발 및 공급업","077280"
"990","덕산하이메탈","반도체 제조업","077360"
"991","유니퀘스트","기계장비 및 관련 물품 도매업","077500"
"992","STX엔진","일반 목적용 기계 제조업","077970"
"993","텔코웨어","자료처리 호스팅 포털 및 기타 인터넷 정보매개 서비스업","078000"
"994","유비쿼스홀딩스","기타 금융업","078070"
"995","대봉엘에스","의약품 제조업","078140"
"996","HB테크놀러지","특수 목적용 기계 제조업","078150"
"997","메디포스트","기초 의약물질 및 생물학적 제제 제조업","078160"
"998","컴투스","소프트웨어 개발 및 공급업","078340"
"999","한양디지텍","반도체 제조업","078350"
"1000","에이블씨엔씨","기타 화학제품 제조업","078520"
"1001","두올산업","자동차 신품 부품 제조업","078590"
"1002","대주전자재료","전자부품 제조업","078600"
"1003","코렌","사진장비 및 광학기기 제조업","078650"
"1004","아이오케이","영화 비디오물 방송프로그램 제작 및 배급업","078860"
"1005","가온미디어","통신 및 방송 장비 제조업","078890"
"1006","GS","기타 금융업","078930"
"1007","코드네이처","전기 및 통신 공사업","078940"
"1008","CJ CGV","영화 비디오물 방송프로그램 제작 및 배급업","079160"
"1009","EMW","통신 및 방송 장비 제조업","079190"
"1010","제우스","특수 목적용 기계 제조업","079370"
"1011","현대리바트","가구 제조업","079430"
"1012","LIG넥스원","무기 및 총포탄 제조업","079550"
"1013","서산","시멘트 석회 플라스터 및 그 제품 제조업","079650"
"1014","디이엔티","특수 목적용 기계 제조업","079810"
"1015","가비아","소프트웨어 개발 및 공급업","079940"
"1016","인베니아","특수 목적용 기계 제조업","079950"
"1017","동양이엔피","전동기 발전기 및 전기 변환ㆍ 공급ㆍ제어 장치 제조업","079960"
"1018","투비소프트","소프트웨어 개발 및 공급업","079970"
"1019","휴비스","화학섬유 제조업","079980"
"1020","에스엔유","특수 목적용 기계 제조업","080000"
"1021","이상네트웍스","상품 중개업","080010"
"1022","모두투어","여행사 및 기타 여행보조 서비스업","080160"
"1023","제주반도체","반도체 제조업","080220"
"1024","모다이노칩","섬유 의복 신발 및 가죽제품 소매업","080420"
"1025","에스제이케이","자동차 부품 및 내장품 판매업","080440"
"1026","성창오토텍","자동차 신품 부품 제조업","080470"
"1027","오디텍","반도체 제조업","080520"
"1028","코디","기타 화학제품 제조업","080530"
"1029","오킨스전자","전자부품 제조업","080580"
"1030","한국유니온제약","의약품 제조업","080720"
"1031","일진다이아","기타 화학제품 제조업","081000"
"1032","성우전자","통신 및 방송 장비 제조업","081580"
"1033","휠라코리아","생활용품 도매업","081660"
"1034","옵트론텍","사진장비 및 광학기기 제조업","082210"
"1035","젬백스","특수 목적용 기계 제조업","082270"
"1036","나인컴플렉스","통신 및 방송 장비 제조업","082660"
"1037","HSD엔진","일반 목적용 기계 제조업","082740"
"1038","루미마이크로","반도체 제조업","082800"
"1039","우리바이오","전구 및 조명장치 제조업","082850"
"1040","비츠로셀","일차전지 및 축전지 제조업","082920"
"1041","엘오티베큠","특수 목적용 기계 제조업","083310"
"1042","GST","특수 목적용 기계 제조업","083450"
"1043","KJ프리텍","플라스틱제품 제조업","083470"
"1044","케이엠","기타 섬유제품 제조업","083550"
"1045","인콘","통신 및 방송 장비 제조업","083640"
"1046","비에이치아이","일반 목적용 기계 제조업","083650"
"1047","CSA 코스믹","플라스틱제품 제조업","083660"
"1048","크리스탈","자연과학 및 공학 연구개발업","083790"
"1049","아바코","특수 목적용 기계 제조업","083930"
"1050","대한제강","1차 철강 제조업","084010"
"1051","휴온스글로벌","의약품 제조업","084110"
"1052","수성","일반 목적용 기계 제조업","084180"
"1053","유진테크","특수 목적용 기계 제조업","084370"
"1054","동양고속","육상 여객 운송업","084670"
"1055","대상홀딩스","기타 금융업","084690"
"1056","팅크웨어","통신 및 방송 장비 제조업","084730"
"1057","헬릭스미스","자연과학 및 공학 연구개발업","084990"
"1058","엔케이","구조용 금속제품 탱크 및 증기발생기 제조업","085310"
"1059","루트로닉","의료용 기기 제조업","085370"
"1060","차바이오텍","기초 의약물질 및 생물학적 제제 제조업","085660"
"1061","뉴프렉스","전자부품 제조업","085670"
"1062","알티캐스트","소프트웨어 개발 및 공급업","085810"
"1063","네오티스","자동차 신품 부품 제조업","085910"
"1064","바이오톡스텍","자연과학 및 공학 연구개발업","086040"
"1065","진바이오텍","동물용 사료 및 조제식품 제조업","086060"
"1066","화신테크","특수 목적용 기계 제조업","086250"
"1067","현대글로비스","기타 운송관련 서비스업","086280"
"1068","유니테스트","특수 목적용 기계 제조업","086390"
"1069","동국제약","의약품 제조업","086450"
"1070","에코프로","기타 화학제품 제조업","086520"
"1071","비엠티","일반 목적용 기계 제조업","086670"
"1072","메디톡스","기초 의약물질 및 생물학적 제제 제조업","086900"
"1073","한컴MDS","소프트웨어 개발 및 공급업","086960"
"1074","쇼박스","영화 비디오물 방송프로그램 제작 및 배급업","086980"
"1075","모바일어플라이언스","소프트웨어 개발 및 공급업","087260"
"1076","에스모 머티리얼즈","합성고무 및 플라스틱 물질 제조업","087730"
"1077","동아엘텍","특수 목적용 기계 제조업","088130"
"1078","이원컴포텍","자동차 신품 부품 제조업","088290"
"1079","이녹스","그 외 기타 운송장비 제조업","088390"
"1080","진도","기타 전문 도매업","088790"
"1081","에이스테크","통신 및 방송 장비 제조업","088800"
"1082","켐트로닉스","기타 화학제품 제조업","089010"
"1083","테크윙","특수 목적용 기계 제조업","089030"
"1084","THE E&M","기타 정보 서비스업","089230"
"1085","HDC현대EP","기타 화학제품 제조업","089470"
"1086","에이티세미콘","반도체 제조업","089530"
"1087","제주항공","항공 여객 운송업","089590"
"1088","나스미디어","광고업","089600"
"1089","유비벨록스","소프트웨어 개발 및 공급업","089850"
"1090","상아프론테크","플라스틱제품 제조업","089980"
"1091","평화산업","자동차 신품 부품 제조업","090080"
"1092","광진윈텍","자동차 신품 부품 제조업","090150"
"1093","노루페인트","기타 화학제품 제조업","090350"
"1094","로보스타","특수 목적용 기계 제조업","090360"
"1095","메타랩스","봉제의복 제조업","090370"
"1096","덕신하우징","구조용 금속제품 탱크 및 증기발생기 제조업","090410"
"1097","아모레퍼시픽","기타 화학제품 제조업","090430"
"1098","비에이치","전자부품 제조업","090460"
"1099","제이스텍","특수 목적용 기계 제조업","090470"
"1100","휴림로봇","특수 목적용 기계 제조업","090710"
"1101","연이정보통신","전자부품 제조업","090740"
"1102","이지웰페어","소프트웨어 개발 및 공급업","090850"
"1103","세원셀론텍","구조용 금속제품 탱크 및 증기발생기 제조업","091090"
"1104","이엠텍","전자부품 제조업","091120"
"1105","S&K폴리텍","전자부품 제조업","091340"
"1106","텔레필드","통신 및 방송 장비 제조업","091440"
"1107","상신이디피","일차전지 및 축전지 제조업","091580"
"1108","남화토건","건물 건설업","091590"
"1109","파트론","전자부품 제조업","091700"
"1110","티웨이항공","항공 여객 운송업","091810"
"1111","나노캠텍","플라스틱제품 제조업","091970"
"1112","셀트리온헬스케어","기타 전문 도매업","091990"
"1113","아미코젠","기타 식품 제조업","092040"
"1114","이크레더블","기타 정보 서비스업","092130"
"1115","디아이씨","자동차 신품 부품 제조업","092200"
"1116","KEC","반도체 제조업","092220"
"1117","KPX홀딩스","기초 화학물질 제조업","092230"
"1118","현우산업","전자부품 제조업","092300"
"1119","기신정기","특수 목적용 기계 제조업","092440"
"1120","한라IMS","선박 및 보트 건조업","092460"
"1121","앤씨앤","반도체 제조업","092600"
"1122","네오팜","기타 화학제품 제조업","092730"
"1123","동양피스톤","자동차용 엔진 및 자동차 제조업","092780"
"1124","엑시콘","특수 목적용 기계 제조업","092870"
"1125","LF","봉제의복 제조업","093050"
"1126","빅솔론","컴퓨터 및 주변장치 제조업","093190"
"1127","이아이디","기타 전문 도매업","093230"
"1128","케이아이엔엑스","자료처리 호스팅 포털 및 기타 인터넷 정보매개 서비스업","093320"
"1129","후성","기초 화학물질 제조업","093370"
"1130","매커스","기계장비 및 관련 물품 도매업","093520"
"1131","서원인텍","통신 및 방송 장비 제조업","093920"
"1132","이엘케이","전자부품 제조업","094190"
"1133","효성 ITX","기타 사업지원 서비스업","094280"
"1134","칩스앤미디어","소프트웨어 개발 및 공급업","094360"
"1135","갤럭시아컴즈","소프트웨어 개발 및 공급업","094480"
"1136","일진파워","전기 및 통신 공사업","094820"
"1137","슈프리마에이치큐","통신 및 방송 장비 제조업","094840"
"1138","푸른기술","컴퓨터 및 주변장치 제조업","094940"
"1139","제이엠티","전자부품 제조업","094970"
"1140","이엠코리아","특수 목적용 기계 제조업","095190"
"1141","웨이브일렉트로","측정 시험 항해 제어 및 기타 정밀기기 제조업 광학기기 제외","095270"
"1142","ISC","전자부품 제조업","095340"
"1143","미래나노텍","플라스틱제품 제조업","095500"
"1144","AJ네트웍스","산업용 기계 및 장비 임대업","095570"
"1145","테스","특수 목적용 기계 제조업","095610"
"1146","네오위즈","소프트웨어 개발 및 공급업","095660"
"1147","웅진씽크빅","초등 교육기관","095720"
"1148","에스에너지","전동기 발전기 및 전기 변환ㆍ 공급ㆍ제어 장치 제조업","095910"
"1149","청담러닝","일반 교습 학원","096240"
"1150","대창솔루션","구조용 금속제품 탱크 및 증기발생기 제조업","096350"
"1151","씨젠","의료용품 및 기타 의약 관련제품 제조업","096530"
"1152","알에프세미","반도체 제조업","096610"
"1153","에스코넥","통신 및 방송 장비 제조업","096630"
"1154","제이스테판","컴퓨터 및 주변장치 제조업","096690"
"1155","JW홀딩스","기타 금융업","096760"
"1156","SK이노베이션","석유 정제품 제조업","096770"
"1157","한진중공업","토목 건설업","097230"
"1158","엠씨넥스","영상 및 음향기기 제조업","097520"
"1159","에스맥","통신 및 방송 장비 제조업","097780"
"1160","CJ제일제당","기타 식품 제조업","097950"
"1161","마이크로컨텍솔","전자부품 제조업","098120"
"1162","고영","특수 목적용 기계 제조업","098460"
"1163","에스티오","봉제의복 제조업","098660"
"1164","아이센스","의료용 기기 제조업","099190"
"1165","SDN","기계장비 및 관련 물품 도매업","099220"
"1166","쎄트렉아이","항공기 우주선 및 부품 제조업","099320"
"1167","스맥","특수 목적용 기계 제조업","099440"
"1168","이지케어텍","소프트웨어 개발 및 공급업","099750"
"1169","모바일리더","소프트웨어 개발 및 공급업","100030"
"1170","삼강엠앤티","1차 철강 제조업","100090"
"1171","뷰웍스","의료용 기기 제조업","100120"
"1172","동국S&C","구조용 금속제품 탱크 및 증기발생기 제조업","100130"
"1173","비상교육","서적 잡지 및 기타 인쇄물 출판업","100220"
"1174","진양홀딩스","플라스틱제품 제조업","100250"
"1175","세운메디칼","의료용품 및 기타 의약 관련제품 제조업","100700"
"1176","S&TC","일반 목적용 기계 제조업","100840"
"1177","상상인인더스트리","특수 목적용 기계 제조업","101000"
"1178","SBS미디어홀딩스","텔레비전 방송업","101060"
"1179","월덱스","전자부품 제조업","101160"
"1180","모베이스","통신 및 방송 장비 제조업","101330"
"1181","아이엠","전자부품 제조업","101390"
"1182","엔시트론","반도체 제조업","101400"
"1183","해태제과식품","기타 식품 제조업","101530"
"1184","코리아에스이","구조용 금속제품 탱크 및 증기발생기 제조업","101670"
"1185","조이맥스","소프트웨어 개발 및 공급업","101730"
"1186","인화정공","선박 및 보트 건조업","101930"
"1187","어보브반도체","반도체 제조업","102120"
"1188","해덕파워웨이","선박 및 보트 건조업","102210"
"1189","동성코퍼레이션","회사 본부 및 경영 컨설팅 서비스업","102260"
"1190","쌍방울","봉제의복 제조업","102280"
"1191","이연제약","의약품 제조업","102460"
"1192","이엔에프테크놀로지","기타 화학제품 제조업","102710"
"1193","일진전기","절연선 및 케이블 제조업","103590"
"1194","대성파인텍","자동차 신품 부품 제조업","104040"
"1195","NHN벅스","소프트웨어 개발 및 공급업","104200"
"1196","동양피엔에프","일반 목적용 기계 제조업","104460"
"1197","티케이케미칼","화학섬유 제조업","104480"
"1198","코렌텍","의료용 기기 제조업","104540"
"1199","노랑풍선","여행사 및 기타 여행보조 서비스업","104620"
"1200","원익머트리얼즈","기초 화학물질 제조업","104830"
"1201","케이엔더블유","전자부품 제조업","105330"
"1202","한세실업","봉제의복 제조업","105630"
"1203","우진","측정 시험 항해 제어 및 기타 정밀기기 제조업 광학기기 제외","105840"
"1204","지투하이소닉","전자부품 제조업","106080"
"1205","파인테크닉스","통신 및 방송 장비 제조업","106240"
"1206","디지탈옵틱","사진장비 및 광학기기 제조업","106520"
"1207","미원홀딩스","기타 금융업","107590"
"1208","톱텍","특수 목적용 기계 제조업","108230"
"1209","실리콘웍스","반도체 제조업","108320"
"1210","대양전기공업","선박 및 보트 건조업","108380"
"1211","로보티즈","특수 목적용 기계 제조업","108490"
"1212","LG하우시스","플라스틱제품 제조업","108670"
"1213","인터파크","무점포 소매업","108790"
"1214","셀바스AI","소프트웨어 개발 및 공급업","108860"
"1215","컨버즈","골판지 종이 상자 및 종이 용기 제조업","109070"
"1216","에스와이","구조용 금속제품 탱크 및 증기발생기 제조업","109610"
"1217","디에스케이","특수 목적용 기계 제조업","109740"
"1218","진매트릭스","자연과학 및 공학 연구개발업","109820"
"1219","동일금속","금속 주조업","109860"
"1220","에이프로젠 H&G","기타 전문 도매업","109960"
"1221","크리스에프앤씨","봉제의복 제조업","110790"
"1222","디아이티","특수 목적용 기계 제조업","110990"
"1223","호전실업","봉제의복 제조업","111110"
"1224","영원무역","상품 종합 도매업","111770"
"1225","지와이커머스","기타 정보 서비스업","111820"
"1226","삼본전자","영상 및 음향기기 제조업","111870"
"1227","위메이드","소프트웨어 개발 및 공급업","112040"
"1228","에스에프씨","플라스틱제품 제조업","112240"
"1229","씨에스윈드","구조용 금속제품 탱크 및 증기발생기 제조업","112610"
"1230","디젠스","자동차 신품 부품 제조업","113810"
"1231","GKL","유원지 및 기타 오락관련 서비스업","114090"
"1232","크루셜텍","전자부품 제조업","114120"
"1233","웰크론강원","구조용 금속제품 탱크 및 증기발생기 제조업","114190"
"1234","우노앤컴퍼니","화학섬유 제조업","114630"
"1235","아이원스","특수 목적용 기계 제조업","114810"
"1236","휴맥스","영상 및 음향기기 제조업","115160"
"1237","인포바인","전기 통신업","115310"
"1238","락앤락","플라스틱제품 제조업","115390"
"1239","우리넷","통신 및 방송 장비 제조업","115440"
"1240","지트리비앤티","전자부품 제조업","115450"
"1241","씨유메디칼","의료용 기기 제조업","115480"
"1242","씨엔플러스","전자부품 제조업","115530"
"1243","스타플렉스","플라스틱제품 제조업","115570"
"1244","이미지스","반도체 제조업","115610"
"1245","연우","플라스틱제품 제조업","115960"
"1246","대성에너지","연료용 가스 제조 및 배관공급업","117580"
"1247","알파홀딩스","반도체 제조업","117670"
"1248","티로보틱스","특수 목적용 기계 제조업","117730"
"1249","우리들휴브레인","기계장비 및 관련 물품 도매업","118000"
"1250","모트렉스","자동차 신품 부품 제조업","118990"
"1251","인터로조","사진장비 및 광학기기 제조업","119610"
"1252","KC코트렐","일반 목적용 기계 제조업","119650"
"1253","아이텍","그 외 기타 전문 과학 및 기술 서비스업","119830"
"1254","지엔씨에너지","전동기 발전기 및 전기 변환ㆍ 공급ㆍ제어 장치 제조업","119850"
"1255","다나와","소프트웨어 개발 및 공급업","119860"
"1256","코오롱인더","화학섬유 제조업","120110"
"1257","골프존뉴딘홀딩스","상품 중개업","121440"
"1258","나노신소재","기타 화학제품 제조업","121600"
"1259","비덴트","통신 및 방송 장비 제조업","121800"
"1260","코이즈","플라스틱제품 제조업","121850"
"1261","제노레이","의료용 기기 제조업","122310"
"1262","삼기오토모티브","자동차 신품 부품 제조업","122350"
"1263","KMH","텔레비전 방송업","122450"
"1264","예스티","특수 목적용 기계 제조업","122640"
"1265","서진오토모티브","자동차 신품 부품 제조업","122690"
"1266","썬텍","금속 주조업","122800"
"1267","와이지엔터테인먼트","오디오물 출판 및 원판 녹음업","122870"
"1268","아이마켓코리아","상품 종합 도매업","122900"
"1269","와이솔","전자부품 제조업","122990"
"1270","엠에스오토텍","자동차 신품 부품 제조업","123040"
"1271","제닉","기타 화학제품 제조업","123330"
"1272","코리아에프티","자동차 신품 부품 제조업","123410"
"1273","선데이토즈","소프트웨어 개발 및 공급업","123420"
"1274","이엠넷","광고업","123570"
"1275","한국화장품","생활용품 도매업","123690"
"1276","에스제이엠","자동차 신품 부품 제조업","123700"
"1277","알톤스포츠","그 외 기타 운송장비 제조업","123750"
"1278","한일진공","특수 목적용 기계 제조업","123840"
"1279","아이티센","컴퓨터 프로그래밍 시스템 통합 및 관리업","124500"
"1280","현대에이치씨엔","텔레비전 방송업","126560"
"1281","코프라","합성고무 및 플라스틱 물질 제조업","126600"
"1282","하이비젼시스템","사진장비 및 광학기기 제조업","126700"
"1283","뉴로스","일반 목적용 기계 제조업","126870"
"1284","제이엔케이히터","일반 목적용 기계 제조업","126880"
"1285","디엔에이링크","자연과학 및 공학 연구개발업","127120"
"1286","매직마이크로","전자부품 제조업","127160"
"1287","아시아경제","자료처리 호스팅 포털 및 기타 인터넷 정보매개 서비스업","127710"
"1288","에코캡","자동차 신품 부품 제조업","128540"
"1289","대성산업","연료 소매업","128820"
"1290","한미약품","의약품 제조업","128940"
"1291","인터지스","도로 화물 운송업","129260"
"1292","GH신소재","기타 섬유제품 제조업","130500"
"1293","나이스디앤비","기타 사업지원 서비스업","130580"
"1294","한전산업","건축기술 엔지니어링 및 관련 기술 서비스업","130660"
"1295","티피씨글로벌","자동차 신품 부품 제조업","130740"
"1296","시큐브","소프트웨어 개발 및 공급업","131090"
"1297","딜리","컴퓨터 및 주변장치 제조업","131180"
"1298","대한과학","기계장비 및 관련 물품 도매업","131220"
"1299","티에스이","측정 시험 항해 제어 및 기타 정밀기기 제조업 광학기기 제외","131290"
"1300","알서포트","소프트웨어 개발 및 공급업","131370"
"1301","피앤이솔루션","전동기 발전기 및 전기 변환ㆍ 공급ㆍ제어 장치 제조업","131390"
"1302","액트","전자부품 제조업","131400"
"1303","파인텍","특수 목적용 기계 제조업","131760"
"1304","메가엠디","일반 교습 학원","133750"
"1305","디엠티","통신 및 방송 장비 제조업","134580"
"1306","화진","자동차 신품 부품 제조업","134780"
"1307","하림","도축 육류 가공 및 저장 처리업","136480"
"1308","선진","동물용 사료 및 조제식품 제조업","136490"
"1309","쎄미시스코","특수 목적용 기계 제조업","136510"
"1310","윈스","컴퓨터 프로그래밍 시스템 통합 및 관리업","136540"
"1311","피엔티","특수 목적용 기계 제조업","137400"
"1312","넥스트아이","측정 시험 항해 제어 및 기타 정밀기기 제조업 광학기기 제외","137940"
"1313","제이씨케미칼","기타 화학제품 제조업","137950"
"1314","신진에스엠","기타 금속 가공제품 제조업","138070"
"1315","오이솔루션","통신 및 방송 장비 제조업","138080"
"1316","엔에스쇼핑","무점포 소매업","138250"
"1317","에이씨티","기타 화학제품 제조업","138360"
"1318","코오롱플라스틱","합성고무 및 플라스틱 물질 제조업","138490"
"1319","엘아이에스","특수 목적용 기계 제조업","138690"
"1320","데일리블록체인","컴퓨터 프로그래밍 시스템 통합 및 관리업","139050"
"1321","이마트","종합 소매업","139480"
"1322","키네마스터","소프트웨어 개발 및 공급업","139670"
"1323","서플러스글로벌","기계장비 및 관련 물품 도매업","140070"
"1324","메지온","자연과학 및 공학 연구개발업","140410"
"1325","대창스틸","1차 철강 제조업","140520"
"1326","알에스오토메이션","전자부품 제조업","140670"
"1327","파크시스템스","측정 시험 항해 제어 및 기타 정밀기기 제조업 광학기기 제외","140860"
"1328","비아트론","특수 목적용 기계 제조업","141000"
"1329","포티스","무점포 소매업","141020"
"1330","레고켐바이오","자연과학 및 공학 연구개발업","141080"
"1331","유니트론텍","기계장비 및 관련 물품 도매업","142210"
"1332","녹십자엠에스","의료용품 및 기타 의약 관련제품 제조업","142280"
"1333","바이오리더스","자연과학 및 공학 연구개발업","142760"
"1334","아이디스","통신 및 방송 장비 제조업","143160"
"1335","핸즈코퍼레이션","자동차 신품 부품 제조업","143210"
"1336","사람인에이치알","자료처리 호스팅 포털 및 기타 인터넷 정보매개 서비스업","143240"
"1337","영우디에스피","특수 목적용 기계 제조업","143540"
"1338","녹십자랩셀","그 외 기타 전문 과학 및 기술 서비스업","144510"
"1339","뉴파워프라즈마","특수 목적용 기계 제조업","144960"
"1340","휴젤","기초 의약물질 및 생물학적 제제 제조업","145020"
"1341","세화아이엠씨","특수 목적용 기계 제조업","145210"
"1342","덴티움","의료용 기기 제조업","145720"
"1343","삼양사","기타 식품 제조업","145990"
"1344","비디아이","일반 목적용 기계 제조업","148140"
"1345","세경하이테크","전자부품 제조업","148150"
"1346","모다","통신 및 방송 장비 제조업","149940"
"1347","하이로닉","의료용 기기 제조업","149980"
"1348","인트로메딕","의료용 기기 제조업","150840"
"1349","파수닷컴","소프트웨어 개발 및 공급업","150900"
"1350","나노스","전자부품 제조업","151910"
"1351","하이골드3호","운송장비 임대업","153360"
"1352","우리이앤엘","반도체 제조업","153490"
"1353","솔루에타","전자부품 제조업","154040"
"1354","와이엠씨","전자부품 제조업","155650"
"1355","DSR","1차 비철금속 제조업","155660"
"1356","바다로19호","운송장비 임대업","155900"
"1357","엘앤케이바이오","의료용 기기 제조업","156100"
"1358","스타모빌리티","특수 목적용 기계 제조업","158310"
"1359","제로투세븐","생활용품 도매업","159580"
"1360","하이골드8호","운송장비 임대업","159650"
"1361","스킨앤스킨","기타 화학제품 제조업","159910"
"1362","NEW","영화 비디오물 방송프로그램 제작 및 배급업","160550"
"1363","에스엔텍비엠","특수 목적용 기계 제조업","160600"
"1364","싸이맥스","특수 목적용 기계 제조업","160980"
"1365","애경유화","기초 화학물질 제조업","161000"
"1366","한국타이어앤테크놀로지","고무제품 제조업","161390"
"1367","THE MIDONG","영상 및 음향기기 제조업","161570"
"1368","필옵틱스","특수 목적용 기계 제조업","161580"
"1369","한국콜마","기타 화학제품 제조업","161890"
"1370","동일고무벨트","고무제품 제조업","163560"
"1371","코아스템","의약품 제조업","166480"
"1372","내츄럴엔도텍","자연과학 및 공학 연구개발업","168330"
"1373","현대공업","자동차 신품 부품 제조업","170030"
"1374","동아에스티","의약품 제조업","170900"
"1375","엘티씨","기초 화학물질 제조업","170920"
"1376","램테크놀러지","기초 화학물질 제조업","171010"
"1377","선익시스템","특수 목적용 기계 제조업","171090"
"1378","하이골드12호","운송장비 임대업","172580"
"1379","에프엔씨엔터","창작 및 예술관련 서비스업","173940"
"1380","장원테크","통신 및 방송 장비 제조업","174880"
"1381","인포마크","통신 및 방송 장비 제조업","175140"
"1382","아이큐어","의약품 제조업","175250"
"1383","에이치엔티","전자부품 제조업","176440"
"1384","베셀","특수 목적용 기계 제조업","177350"
"1385","파버나인","전자부품 제조업","177830"
"1386","서진시스템","통신 및 방송 장비 제조업","178320"
"1387","유테크","전자부품 제조업","178780"
"1388","엠아이텍","의료용 기기 제조업","179290"
"1389","유티아이","전자부품 제조업","179900"
"1390","캔서롭","기타 과학기술 서비스업","180400"
"1391","한진칼","항공 여객 운송업","180640"
"1392","이즈미디어","측정 시험 항해 제어 및 기타 정밀기기 제조업 광학기기 제외","181340"
"1393","엔에이치엔","소프트웨어 개발 및 공급업","181710"
"1394","큐브엔터","오디오물 출판 및 원판 녹음업","182360"
"1395","엔케이맥스","기초 의약물질 및 생물학적 제제 제조업","182400"
"1396","테라셈","반도체 제조업","182690"
"1397","아세아시멘트","시멘트 석회 플라스터 및 그 제품 제조업","183190"
"1398","코미코","특수 목적용 기계 제조업","183300"
"1399","엔지켐생명과학","기초 의약물질 및 생물학적 제제 제조업","183490"
"1400","SGA솔루션즈","소프트웨어 개발 및 공급업","184230"
"1401","아이진","자연과학 및 공학 연구개발업","185490"
"1402","종근당","의약품 제조업","185750"
"1403","그린플러스","1차 비철금속 제조업","186230"
"1404","디티앤씨","기타 과학기술 서비스업","187220"
"1405","신화콘텍","전동기 발전기 및 전기 변환ㆍ 공급ㆍ제어 장치 제조업","187270"
"1406","제노포커스","기초 의약물질 및 생물학적 제제 제조업","187420"
"1407","나노","기초 화학물질 제조업","187790"
"1408","인텔리안테크","통신 및 방송 장비 제조업","189300"
"1409","흥국에프엔비","비알코올음료 및 얼음 제조업","189980"
"1410","나무가","전자부품 제조업","190510"
"1411","육일씨엔에쓰","전자부품 제조업","191410"
"1412","테고사이언스","기초 의약물질 및 생물학적 제제 제조업","191420"
"1413","더블유게임즈","소프트웨어 개발 및 공급업","192080"
"1414","케이사인","소프트웨어 개발 및 공급업","192250"
"1415","윈하이텍","구조용 금속제품 탱크 및 증기발생기 제조업","192390"
"1416","쿠쿠홀딩스","기타 금융업","192400"
"1417","감마누","통신 및 방송 장비 제조업","192410"
"1418","슈피겐코리아","그 외 기타 제품 제조업","192440"
"1419","드림텍","전자부품 제조업","192650"
"1420","코스맥스","기타 화학제품 제조업","192820"
"1421","와이제이엠게임즈","전자부품 제조업","193250"
"1422","제이에스코퍼레이션","가죽 가방 및 유사제품 제조업","194370"
"1423","데브시스터즈","소프트웨어 개발 및 공급업","194480"
"1424","파티게임즈","소프트웨어 개발 및 공급업","194510"
"1425","노바렉스","기타 식품 제조업","194700"
"1426","퓨전","소프트웨어 개발 및 공급업","195440"
"1427","해성디에스","전자부품 제조업","195870"
"1428","에이비프로바이오","특수 목적용 기계 제조업","195990"
"1429","알테오젠","자연과학 및 공학 연구개발업","196170"
"1430","디오스텍","사진장비 및 광학기기 제조업","196450"
"1431","디에이테크놀로지","특수 목적용 기계 제조업","196490"
"1432","웹스","합성고무 및 플라스틱 물질 제조업","196700"
"1433","디지캡","소프트웨어 개발 및 공급업","197140"
"1434","리드","특수 목적용 기계 제조업","197210"
"1435","콜마비앤에이치","기초 의약물질 및 생물학적 제제 제조업","200130"
"1436","텔콘RF제약","통신 및 방송 장비 제조업","200230"
"1437","휴메딕스","의약품 제조업","200670"
"1438","에이디테크놀로지","반도체 제조업","200710"
"1439","비씨월드제약","의약품 제조업","200780"
"1440","서연이화","자동차 신품 부품 제조업","200880"
"1441","미투온","소프트웨어 개발 및 공급업","201490"
"1442","유니온커뮤니티","통신 및 방송 장비 제조업","203450"
"1443","드림시큐리티","소프트웨어 개발 및 공급업","203650"
"1444","프로스테믹스","기초 의약물질 및 생물학적 제제 제조업","203690"
"1445","그리티","봉제의복 제조업","204020"
"1446","만도","자동차 신품 부품 제조업","204320"
"1447","글로벌텍스프리","금융 지원 서비스업","204620"
"1448","화이브라더스코리아","창작 및 예술관련 서비스업","204630"
"1449","지엘팜텍","자연과학 및 공학 연구개발업","204840"
"1450","현성바이탈","기타 식품 제조업","204990"
"1451","엑셈","소프트웨어 개발 및 공급업","205100"
"1452","액션스퀘어","소프트웨어 개발 및 공급업","205500"
"1453","엔터메이트","소프트웨어 개발 및 공급업","206400"
"1454","덱스터","영화 비디오물 방송프로그램 제작 및 배급업","206560"
"1455","바디텍메드","의료용품 및 기타 의약 관련제품 제조업","206640"
"1456","미스터블루","기타 정보 서비스업","207760"
"1457","정다운","도축 육류 가공 및 저장 처리업","208140"
"1458","파멥신","의약품 제조업","208340"
"1459","지란지교시큐리티","소프트웨어 개발 및 공급업","208350"
"1460","셀바스헬스케어","의료용 기기 제조업","208370"
"1461","썸에이지","소프트웨어 개발 및 공급업","208640"
"1462","바이오로그디바이스","전자부품 제조업","208710"
"1463","디와이파워","특수 목적용 기계 제조업","210540"
"1464","SK디앤디","부동산 임대 및 공급업","210980"
"1465","미래테크놀로지","소프트웨어 개발 및 공급업","213090"
"1466","한솔제지","펄프 종이 및 판지 제조업","213500"
"1467","클래시스","의료용 기기 제조업","214150"
"1468","민앤지","기타 정보 서비스업","214180"
"1469","라파스","기타 화학제품 제조업","214260"
"1470","퓨쳐스트림네트웍스","소프트웨어 개발 및 공급업","214270"
"1471","세미콘라이트","반도체 제조업","214310"
"1472","이노션","광고업","214320"
"1473","금호에이치티","자동차 신품 부품 제조업","214330"
"1474","케어젠","기초 의약물질 및 생물학적 제제 제조업","214370"
"1475","토니모리","기타 화학제품 제조업","214420"
"1476","파마리서치프로덕트","생활용품 도매업","214450"
"1477","디알텍","의료용 기기 제조업","214680"
"1478","뉴지랩","통신 및 방송 장비 제조업","214870"
"1479","골프존","소프트웨어 개발 및 공급업","215000"
"1480","로보로보","기타 전기장비 제조업","215100"
"1481","메가스터디교육","일반 교습 학원","215200"
"1482","우리산업","자동차 신품 부품 제조업","215360"
"1483","신라젠","자연과학 및 공학 연구개발업","215600"
"1484","이노인스트루먼트","통신 및 방송 장비 제조업","215790"
"1485","인크로스","광고업","216050"
"1486","넵튠","소프트웨어 개발 및 공급업","217270"
"1487","에스디생명공학","기타 화학제품 제조업","217480"
"1488","디딤","음식점업","217620"
"1489","강스템바이오텍","기초 의약물질 및 생물학적 제제 제조업","217730"
"1490","엔에스","특수 목적용 기계 제조업","217820"
"1491","미래생명자원","동물용 사료 및 조제식품 제조업","218150"
"1492","RFHIC","통신 및 방송 장비 제조업","218410"
"1493","링크제니시스","소프트웨어 개발 및 공급업","219420"
"1494","MP한강","생활용품 도매업","219550"
"1495","지티지웰니스","의료용 기기 제조업","219750"
"1496","퓨쳐켐","의약품 제조업","220100"
"1497","핸디소프트","소프트웨어 개발 및 공급업","220180"
"1498","해마로푸드서비스","음ㆍ식료품 및 담배 도매업","220630"
"1499","한솔씨앤피","기타 화학제품 제조업","221610"
"1500","하이즈항공","항공기 우주선 및 부품 제조업","221840"
"1501","케이디켐","기타 화학제품 제조업","221980"
"1502","코스맥스엔비티","기타 식품 제조업","222040"
"1503","심텍","전자부품 제조업","222800"
"1504","한류AI센터","소프트웨어 개발 및 공급업","222810"
"1505","한국맥널티","기타 식품 제조업","222980"
"1506","이에스브이","소프트웨어 개발 및 공급업","223310"
"1507","코디엠","특수 목적용 기계 제조업","224060"
"1508","에이텍티앤","통신 및 방송 장비 제조업","224110"
"1509","삼양옵틱스","사진장비 및 광학기기 제조업","225190"
"1510","씨엠에스에듀","일반 교습 학원","225330"
"1511","잇츠한불","기타 화학제품 제조업","226320"
"1512","본느","기타 화학제품 제조업","226340"
"1513","아이엠텍","전자부품 제조업","226350"
"1514","이엑스티","토목 건설업","226360"
"1515","올릭스","자연과학 및 공학 연구개발업","226950"
"1516","디자인","전동기 발전기 및 전기 변환ㆍ 공급ㆍ제어 장치 제조업","227100"
"1517","아우딘퓨쳐스","기타 화학제품 제조업","227610"
"1518","현대코퍼레이션홀딩스","음ㆍ식료품 및 담배 도매업","227840"
"1519","레이","의료용 기기 제조업","228670"
"1520","지노믹트리","의료용품 및 기타 의약 관련제품 제조업","228760"
"1521","레이언스","의료용 기기 제조업","228850"
"1522","LS전선아시아","기타 금융업","229640"
"1523","에치에프알","통신 및 방송 장비 제조업","230240"
"1524","에코마케팅","광고업","230360"
"1525","솔트웍스","소프트웨어 개발 및 공급업","230980"
"1526","와이아이케이","특수 목적용 기계 제조업","232140"
"1527","JW생명과학","의약품 제조업","234080"
"1528","세원","자동차 신품 부품 제조업","234100"
"1529","에스트래픽","컴퓨터 프로그래밍 시스템 통합 및 관리업","234300"
"1530","자이글","가정용 기기 제조업","234920"
"1531","슈프리마","통신 및 방송 장비 제조업","236200"
"1532","에스티팜","의약품 제조업","237690"
"1533","클리오","기타 화학제품 제조업","237880"
"1534","앤디포스","플라스틱제품 제조업","238090"
"1535","로고스바이오","사진장비 및 광학기기 제조업","238120"
"1536","비피도","기타 식품 제조업","238200"
"1537","줌인터넷","자료처리 호스팅 포털 및 기타 인터넷 정보매개 서비스업","239340"
"1538","원익IPS","특수 목적용 기계 제조업","240810"
"1539","두산밥캣","일반 목적용 기계 제조업","241560"
"1540","화승엔터프라이즈","신발 및 신발 부분품 제조업","241590"
"1541","유니테크노","자동차 신품 부품 제조업","241690"
"1542","코스메카코리아","기타 화학제품 제조업","241710"
"1543","메카로","기타 화학제품 제조업","241770"
"1544","오션브릿지","특수 목적용 기계 제조업","241790"
"1545","나무기술","소프트웨어 개발 및 공급업","242040"
"1546","휴온스","의약품 제조업","243070"
"1547","신흥에스이씨","일차전지 및 축전지 제조업","243840"
"1548","올리패스","기초 의약물질 및 생물학적 제제 제조업","244460"
"1549","EDGC","자연과학 및 공학 연구개발업","245620"
"1550","아스타","의료용품 및 기타 의약 관련제품 제조업","246720"
"1551","이노테라피","자연과학 및 공학 연구개발업","246960"
"1552","샘표식품","기타 식품 제조업","248170"
"1553","일동제약","의약품 제조업","249420"
"1554","보라티알","음ㆍ식료품 및 담배 도매업","250000"
"1555","모비스","컴퓨터 프로그래밍 시스템 통합 및 관리업","250060"
"1556","예선테크","플라스틱제품 제조업","250930"
"1557","넷마블","소프트웨어 개발 및 공급업","251270"
"1558","와이엠티","기초 화학물질 제조업","251370"
"1559","브이원텍","특수 목적용 기계 제조업","251630"
"1560","펌텍코리아","플라스틱제품 제조업","251970"
"1561","스튜디오드래곤","영화 비디오물 방송프로그램 제작 및 배급업","253450"
"1562","네오셈","측정 시험 항해 제어 및 기타 정밀기기 제조업 광학기기 제외","253590"
"1563","수젠텍","의료용품 및 기타 의약 관련제품 제조업","253840"
"1564","SG","기타 비금속 광물제품 제조업","255220"
"1565","야스","특수 목적용 기계 제조업","255440"
"1566","포인트엔지니어링","기타 금속 가공제품 제조업","256630"
"1567","케이피에스","특수 목적용 기계 제조업","256940"
"1568","명성티엔에스","특수 목적용 기계 제조업","257370"
"1569","이더블유케이","구조용 금속제품 탱크 및 증기발생기 제조업","258610"
"1570","세종메디칼","의료용 기기 제조업","258830"
"1571","엠플러스","특수 목적용 기계 제조업","259630"
"1572","씨티케이코스메틱스","기타 화학제품 제조업","260930"
"1573","디케이앤디","플라스틱제품 제조업","263020"
"1574","유틸렉스","기초 의약물질 및 생물학적 제제 제조업","263050"
"1575","덕우전자","전자부품 제조업","263600"
"1576","디알젬","의료용 기기 제조업","263690"
"1577","케어랩스","소프트웨어 개발 및 공급업","263700"
"1578","디앤씨미디어","서적 잡지 및 기타 인쇄물 출판업","263720"
"1579","펄어비스","소프트웨어 개발 및 공급업","263750"
"1580","상신전자","전자부품 제조업","263810"
"1581","지니언스","소프트웨어 개발 및 공급업","263860"
"1582","블러썸엠앤씨","그 외 기타 제품 제조업","263920"
"1583","AP시스템","특수 목적용 기계 제조업","265520"
"1584","영화테크","자동차 신품 부품 제조업","265560"
"1585","현대중공업지주","석유 정제품 제조업","267250"
"1586","현대일렉트릭","전동기 발전기 및 전기 변환ㆍ 공급ㆍ제어 장치 제조업","267260"
"1587","현대건설기계","일반 목적용 기계 제조업","267270"
"1588","경동도시가스","연료용 가스 제조 및 배관공급업","267290"
"1589","배럴","봉제의복 제조업","267790"
"1590","아시아나IDT","컴퓨터 프로그래밍 시스템 통합 및 관리업","267850"
"1591","매일유업","낙농제품 및 식용빙과류 제조업","267980"
"1592","미원에스씨","기초 화학물질 제조업","268280"
"1593","시스웍","측정 시험 항해 제어 및 기타 정밀기기 제조업 광학기기 제외","269620"
"1594","뉴트리","기타 식품 제조업","270870"
"1595","오리온","기타 식품 제조업","271560"
"1596","이녹스첨단소재","전자부품 제조업","272290"
"1597","린드먼아시아","신탁업 및 집합투자업","277070"
"1598","인산가","기타 식품 제조업","277410"
"1599","천보","기초 화학물질 제조업","278280"
"1600","롯데제과","기타 식품 제조업","280360"
"1601","BGF리테일","종합 소매업","282330"
"1602","코윈테크","특수 목적용 기계 제조업","282880"
"1603","쿠쿠홈시스","개인 및 가정용품 임대업","284740"
"1604","SK케미칼","합성고무 및 플라스틱 물질 제조업","285130"
"1605","노바텍","그 외 기타 제품 제조업","285490"
"1606","나노브릭","기초 화학물질 제조업","286750"
"1607","롯데정보통신","컴퓨터 프로그래밍 시스템 통합 및 관리업","286940"
"1608","대유에이피","자동차 신품 부품 제조업","290120"
"1609","휴네시온","소프트웨어 개발 및 공급업","290270"
"1610","디케이티","전자부품 제조업","290550"
"1611","엘앤씨바이오","의약품 제조업","290650"
"1612","네오펙트","의료용 기기 제조업","290660"
"1613","푸드나무","무점포 소매업","290720"
"1614","액트로","전자부품 제조업","290740"
"1615","HDC현대산업개발","건물 건설업","294870"
"1616","효성화학","기초 화학물질 제조업","298000"
"1617","효성티앤씨","화학섬유 제조업","298020"
"1618","효성중공업","전동기 발전기 및 전기 변환ㆍ 공급ㆍ제어 장치 제조업","298040"
"1619","효성첨단소재","화학섬유 제조업","298050"
"1620","위지윅스튜디오","영화 비디오물 방송프로그램 제작 및 배급업","299900"
"1621","베스파","소프트웨어 개발 및 공급업","299910"
"1622","플리토","자료처리 호스팅 포털 및 기타 인터넷 정보매개 서비스업","300080"
"1623","이노메트리","특수 목적용 기계 제조업","302430"
"1624","현대오토에버","소프트웨어 개발 및 공급업","307950"
"1625","까스텔바작","섬유 의복 신발 및 가죽제품 소매업","308100"
"1626","네오크레마","기타 식품 제조업","311390"
"1627","슈프리마아이디","전자부품 제조업","317770"
"1628","에스피시스템스","특수 목적용 기계 제조업","317830"
"1629","대모","특수 목적용 기계 제조업","317850"
"1630","피에스케이","특수 목적용 기계 제조업","319660"
"1631","차이나그레이트","기타 금융업","900040"
"1632","글로벌에스엠","기타 금융업","900070"
"1633","에스앤씨엔진그룹","기타 금융업","900080"
"1634","뉴프라이드","자동차 부품 및 내장품 판매업","900100"
"1635","이스트아시아홀딩스","기타 금융업","900110"
"1636","엘브이엠씨","자동차 판매업","900140"
"1637","크리스탈신소재","기타 금융업","900250"
"1638","로스웰","기타 금융업","900260"
"1639","헝셩그룹","기타 금융업","900270"
"1640","골든센츄리","기타 금융업","900280"
"1641","오가닉티코스메틱","기타 금융업","900300"
"1642","컬러레이","회사 본부 및 경영 컨설팅 서비스업","900310"
"1643","윙입푸드","기타 금융업","900340"
"1644","SBI핀테크솔루션즈","소프트웨어 개발 및 공급업","950110"
"1645","엑세스바이오","의료용품 및 기타 의약 관련제품 제조업","950130"
"1646","잉글우드랩","기타 화학제품 제조업","950140"
"1647","JTC","종합 소매업","950170"
